Ticker;Cotacao;P/L;P/VP;PSR;DY;P/Ativo;P/Cap.Giro;P/EBIT;P/ACL;EV/EBIT;EV/EBITDA;Mrg.Ebit;Mrg.Liq.;Liq.Corr.;ROIC;ROE;Liq.2meses;Pat.Liq;Div.Brut/Pat.;Cresc.5anos
LWSA3;5.62;-1167.2;1.13;3.735;0.0;0.717;2.38;154.2;6.51;86.27;16.17;0.0242;-0.0032;2.75;0.0071;-0.001;113127000.0;2941450000.0;0.03;0.4796
ELMD3;10.54;-907.96;1.94;3.161;0.0;0.962;5.16;31.84;-9.3;32.78;12.64;0.0993;-0.0035;1.87;0.049;-0.0021;2551520.0;760772000.0;0.69;1.1177
BRPR3;8.85;-346.17;0.59;12.83;0.0119;0.371;17.88;19.85;-1.29;29.65;29.39;0.6463;-0.0371;1.31;0.0202;-0.0017;27463000.0;7072250000.0;0.41;-0.0743
RAIL3;15.97;-335.19;2.01;3.748;0.0012;0.662;6.74;17.59;-1.45;23.93;11.16;0.213;-0.011;1.87;0.0447;-0.006;186787000.0;14706100000.0;1.16;0.0585
SCAR3;28.97;-326.18;1.08;6.029;0.005;0.481;-6.09;12.4;-1.02;25.57;18.27;0.4862;-0.0228;0.49;0.0396;-0.0033;133420.0;1551380000.0;1.19;-0.1301
MAPT4;14.17;-75.71;-2.17;0.0;0.0;16.846;-317.62;-83.48;-1.92;-83.48;-83.48;0.0;0.0;0.0;-0.2131;0.0287;186.07;-5994000.0;0.0;0.0
AALR3;19.51;-71.47;1.99;2.049;0.0;0.91;-29.09;29.73;-2.6;38.49;15.28;0.0689;-0.0222;0.85;0.0328;-0.0279;8369920.0;1159400000.0;0.66;-0.0014
RCSL3;2.94;-68.21;-3.02;1.681;0.0;1.745;21.91;108.32;-1.55;107.69;55.94;0.0155;-0.0247;1.21;0.0168;0.0443;3238610.0;-36870000.0;-0.0;4.2963
ORVR3;28.06;-56.36;5.98;4.487;0.0;1.646;7.21;17.24;-5.19;22.03;14.66;0.2602;-0.0657;2.36;0.1014;-0.1061;13694100.0;335501000.0;1.69;0.1521
HETA4;5.85;-53.28;-0.01;1.064;0.0;0.289;-0.04;1.17;-0.01;128.91;128.91;0.9059;-0.02;0.01;0.2467;0.0001;7184.16;-555862000.0;-0.58;0.0653
DASA3;15.29;-48.4;1.13;0.767;0.0193;0.349;25.65;37.66;-0.84;65.69;12.27;0.0204;-0.0152;1.05;0.0111;-0.0234;5156950.0;7573560000.0;1.23;0.3481
KRSA3;3.6;-44.69;2.22;1.824;0.0;0.641;-157.48;15.5;-1.39;25.29;16.97;0.1177;-0.0328;0.98;0.0451;-0.0496;1028690.0;1252900000.0;1.57;0.0
RNEW3;1.78;-36.11;-0.27;1.899;0.0;0.088;-1.98;-2.16;-0.08;-13.64;-14.73;-0.8799;-0.0526;0.85;-0.0468;0.0075;122717.0;-721426000.0;-1.71;-0.4508
RNEW11;5.14;-34.76;-0.26;1.828;0.0;0.085;-1.9;-2.08;-0.08;-13.56;-14.65;-0.8799;-0.0526;0.85;-0.0468;0.0075;97741.7;-721426000.0;-1.71;-0.4508
RNEW4;1.68;-34.09;-0.25;1.792;0.0;0.083;-1.87;-2.04;-0.08;-13.52;-14.6;-0.8799;-0.0526;0.85;-0.0468;0.0075;587245.0;-721426000.0;-1.71;-0.4508
ONCO3;4.56;-33.51;1.24;0.78;0.0;0.36;1.78;11.5;-1.63;16.38;9.74;0.0679;-0.0154;1.99;0.0448;-0.0369;8706700.0;1826450000.0;1.34;0.0
RRRP3;35.15;-28.59;1.87;7.339;0.0;1.362;5.98;21.03;13.59;16.42;11.14;0.349;-0.2393;2.62;0.095;-0.0655;156105000.0;3800970000.0;0.01;0.0
SEQL3;5.47;-26.4;1.34;0.467;0.0;0.39;5.37;140.58;-1.01;233.52;8.55;0.0033;-0.0177;1.29;0.0034;-0.0508;24890900.0;572656000.0;1.17;0.4174
RCSL4;1.0;-23.2;-1.03;0.572;0.0;0.594;7.45;36.84;-0.53;36.22;18.81;0.0155;-0.0247;1.21;0.0168;0.0443;311132.0;-36870000.0;-0.0;4.2963
CEED4;65.5;-21.76;-1.69;0.919;0.0;0.72;4.63;30.02;-0.72;43.88;19.31;0.0306;-0.0422;1.58;0.0288;0.0776;548.79;-2649070000.0;-1.02;1.5513
CASH3;1.08;-17.87;1.29;2.877;0.0;1.005;1.57;-9.52;1.94;-4.01;-4.28;-0.3021;-0.1455;8.57;-0.2578;-0.0725;46979900.0;670353000.0;0.0;1.073
HBSA3;2.26;-13.98;1.29;1.252;0.0;0.291;3.36;9.58;-0.49;30.17;10.25;0.1307;-0.0895;1.92;0.0345;-0.0924;11929000.0;1329640000.0;3.18;0.3342
CEED3;42.0;-13.95;-1.08;0.589;0.0;0.461;2.97;19.25;-0.46;33.11;14.57;0.0306;-0.0422;1.58;0.0288;0.0776;1069.84;-2649070000.0;-1.02;1.5513
BRFS3;13.59;-12.49;1.18;0.295;0.0;0.265;2.14;8.71;-0.89;16.5;6.26;0.0339;-0.0234;1.35;0.0517;-0.0948;161865000.0;12423100000.0;1.82;0.1172
IFCM3;4.48;-12.32;1.02;2.321;0.0;0.43;-18.22;-22.9;-1.73;-27.43;109.77;-0.1013;-0.1884;0.93;-0.0244;-0.0828;5209260.0;1238250000.0;0.36;0.0
DTCY3;5.85;-11.54;-67.48;7.897;0.0;5.125;-13.0;-21.36;-6.05;-21.63;68.17;-0.3696;-0.6842;0.37;-0.2589;5.8466;1188.26;-965000.0;-1.67;-0.1537
BKBR3;5.56;-10.72;1.0;0.512;0.0;0.411;-50.43;-32.34;-1.07;-41.17;5.78;-0.0158;-0.0477;0.96;-0.0151;-0.0931;14665300.0;1534050000.0;0.52;0.0801
SMFT3;10.09;-10.57;1.44;3.022;0.0;0.532;2.32;-22.65;-1.95;-22.7;10.84;-0.1334;-0.2847;2.8;-0.035;-0.1365;20644800.0;4099530000.0;0.86;0.1629
MSPA4;46.5;-10.4;0.36;1.81;0.0;0.207;5.61;-13.23;-0.61;-16.67;126.63;-0.1368;-0.1741;1.69;-0.0166;-0.0348;324.42;821830000.0;0.17;0.0081
OPCT3;1.88;-10.33;0.49;0.372;0.0;0.167;1.49;7.86;-0.46;25.04;25.04;0.0473;-0.036;1.63;0.0262;-0.047;2348390.0;774557000.0;1.5;0.5103
TCNO3;1.3;-9.86;-11.29;0.0;0.0;0.036;-0.09;-3.49;-0.04;-17.23;-20.27;0.0;0.0;0.28;-0.0141;1.1457;17202.5;-762000.0;-44.4;0.0943
COGN3;2.14;-9.77;0.32;0.828;0.0;0.141;1.41;6.05;-0.52;15.12;7.21;0.1368;-0.0888;1.69;0.0279;-0.0323;79299900.0;12714100000.0;0.77;-0.0575
TELB3;20.04;-9.38;1.01;4.704;0.0;0.336;1.19;-4.29;-1.11;-1.45;-6.69;-1.0954;-0.5014;4.43;-0.1099;-0.1077;55928.4;1345540000.0;0.15;1.5321
TCNO4;0.96;-7.28;-8.34;0.0;0.0;0.027;-0.06;-2.58;-0.03;-16.31;-19.2;0.0;0.0;0.28;-0.0141;1.1457;21619.4;-762000.0;-44.4;0.0943
BIOM3;7.86;-7.07;3.39;4.848;0.0;1.422;5.18;-8.2;-7.81;-9.63;-9.67;-0.5913;-0.6855;3.22;-0.2253;-0.479;355014.0;170578000.0;1.02;4.2477
MEAL3;1.61;-7.01;0.45;0.229;0.0;0.168;3.99;-24.94;-0.41;-40.93;7.22;-0.0092;-0.0326;1.24;-0.0087;-0.0643;4094900.0;1021500000.0;0.69;0.0232
WEST3;2.07;-7.01;0.61;0.709;0.0;0.489;0.86;-3.79;1.01;-0.68;-0.68;-0.1874;-0.1012;5.97;-0.2778;-0.0871;1301350.0;373540000.0;0.09;48.5681
CRDE3;21.57;-6.95;0.53;11.32;0.0;0.455;5.74;-6.14;17.71;-4.73;-4.75;-1.8427;-1.6297;1.87;-0.0849;-0.0768;4373.42;97884000.0;0.01;-0.3647
ANIM3;3.9;-6.85;0.55;0.502;0.0;0.146;1.71;2.97;-0.3;9.95;5.02;0.1693;-0.0691;1.7;0.0576;-0.0806;14712400.0;2851180000.0;1.79;0.2802
VIIA3;1.92;-6.69;0.54;0.1;0.0;0.088;-2.18;2.52;-0.26;9.22;4.98;0.0396;-0.0149;0.92;0.0458;-0.0815;134343000.0;5635000000.0;1.67;0.0443
DOTZ3;3.83;-6.58;-5.23;3.838;0.0;1.383;-34.62;-20.21;-3.09;-11.55;-34.36;-0.1899;-0.5832;0.95;-0.3732;0.7953;226317.0;-96659000.0;-0.39;0.0
NORD3;7.53;-6.33;-0.34;26.365;0.0;2.836;-1.08;-54.43;-0.3;-95.83;-95.83;-0.4844;-4.1671;0.03;-0.0535;0.0532;2467.77;-148105000.0;-0.26;0.3408
AMAR3;1.72;-6.17;0.54;0.219;0.0;0.177;1.45;2.14;-1.04;6.83;3.42;0.1021;-0.0354;1.32;0.0979;-0.0874;11488600.0;1093500000.0;1.29;-0.0439
TELB4;12.15;-5.69;0.61;2.852;0.0;0.204;0.72;-2.6;-0.68;0.25;1.13;-1.0954;-0.5014;4.43;-0.1099;-0.1077;88199.7;1345540000.0;0.15;1.5321
CLSA3;3.82;-5.63;0.97;1.544;0.0;0.743;1.18;-5.61;1.33;-1.32;-1.54;-0.2751;-0.2743;4.82;-0.4365;-0.1725;6158310.0;739191000.0;0.13;0.0
CEDO3;6.72;-5.43;0.55;0.065;0.0;0.078;-0.78;1.37;-0.25;5.78;4.17;0.0476;-0.0176;0.84;0.076;-0.102;7005.05;121313000.0;1.86;0.1005
BAHI3;11.0;-5.31;1.55;0.906;0.0;0.368;-2.35;-32.24;-0.63;-39.59;-552.64;-0.0281;-0.1791;0.51;-0.0127;-0.2913;68666.5;168556000.0;0.67;0.7047
TXRX3;27.01;-5.3;-0.34;0.668;0.0;0.505;-0.6;3.97;-0.25;13.94;11.89;0.1684;-0.1261;0.36;0.1861;0.0651;815.7;-333575000.0;-0.87;0.1649
SHOW3;2.98;-4.3;1.46;0.972;0.0;0.355;2.72;-36.11;-3.21;-26.88;661.57;-0.0269;-0.2243;1.25;-0.0247;-0.3389;960028.0;138002000.0;1.0;-0.4732
ADHM3;1.56;-4.09;-1.29;770.924;0.0;105.126;-1.43;-5.69;-1.27;-5.69;-5.81;-135.485;-188.606;0.0;5.217;0.3147;2064.0;-19776000.0;0.0;0.4348
IRBR3;2.03;-3.94;0.7;0.328;0.0;0.123;0.0;-1.17;0.0;0.0;0.0;-0.2794;-0.0832;0.0;0.0;-0.1768;41314200.0;3693410000.0;0.0;-0.293
CEDO4;4.61;-3.72;0.38;0.045;0.0;0.054;-0.53;0.94;-0.17;5.35;3.86;0.0476;-0.0176;0.84;0.076;-0.102;4699.42;121313000.0;1.86;0.1005
CVCB3;6.98;-3.42;9.55;2.031;0.0;0.432;-4.05;-7.54;-1.14;-7.72;-39.9;-0.2693;-0.6003;0.84;-0.089;-2.7929;127946000.0;202696000.0;5.0;-0.1925
NINJ3;2.61;-3.35;0.46;2.083;0.0;0.429;0.47;-2.29;0.47;2.78;2.8;-0.9089;-0.6219;14.53;-8.0653;-0.1372;1161900.0;285275000.0;0.0;0.0
BLUT3;0.98;-3.02;0.34;0.0;0.0;0.104;-0.81;-11.35;-0.15;-15.24;-15.24;0.0;0.0;0.0;-0.0092;-0.1141;118455.0;57197000.0;0.12;0.0
MBLY3;2.33;-2.91;0.4;0.352;0.0;0.267;0.58;-3.01;0.92;-2.67;-8.1;-0.1171;-0.1208;3.74;-0.1255;-0.1384;4621000.0;615928000.0;0.29;0.0713
OIBR4;1.1;-1.96;7.02;0.677;0.0;0.092;0.38;-1.96;-0.24;-9.68;312.84;-0.3446;-0.3417;1.65;-0.0507;-3.571;1122570.0;1035200000.0;29.25;-0.2371
CTNM3;8.1;-1.9;0.35;0.116;0.0;0.062;0.88;2.22;-0.24;12.66;6.27;0.0524;-0.0985;1.2;0.0323;-0.1864;494.84;700703000.0;1.93;-0.0113
GOLL4;9.07;-1.82;-0.21;0.418;0.0;0.245;-0.43;-1.17;-0.12;-4.2;-7.38;-0.3573;-0.2279;0.23;-0.2458;0.1151;106920000.0;-18127100000.0;-0.57;-0.1177
ENJU3;1.02;-1.71;0.5;1.8;0.0;0.445;0.58;-1.51;0.59;1.22;1.34;-1.1925;-1.051;8.71;-1.8993;-0.2944;4450420.0;401241000.0;0.0;0.0
ALPK3;1.5;-1.59;0.63;0.352;0.0;0.127;-0.62;2.2;-0.18;11.02;4.22;0.1597;-0.222;0.29;0.0616;-0.3961;858261.0;511504000.0;2.59;0.5985
BLUT4;0.49;-1.51;0.17;0.0;0.0;0.052;-0.4;-5.67;-0.07;-9.56;-9.56;0.0;0.0;0.0;-0.0092;-0.1141;269547.0;57197000.0;0.12;0.0
TEND3;3.9;-1.38;0.35;0.162;0.0;0.093;0.33;-5.76;-0.62;-13.99;-41.15;-0.0281;-0.1197;1.91;-0.0201;-0.2576;12236900.0;1147890000.0;1.21;0.1658
VIVR3;0.6;-1.3;-0.41;1.484;0.0;0.263;-0.43;-1.7;-0.23;-5.6;-5.72;-0.8731;-1.1497;0.46;-0.1883;0.3155;2026660.0;-209496000.0;-1.14;0.7601
AVLL3;19.9;-1.13;-6.17;2.319;0.0;0.25;-3.65;-3.8;-0.36;-11.02;-11.66;-0.6108;-2.0631;0.83;-0.0709;5.4482;44089.9;-72300000.0;-12.86;-0.2615
PMAM3;5.73;-1.09;-0.32;0.059;0.0;0.086;-1.45;-4.71;-0.09;-56.24;39.12;-0.0125;-0.0543;0.84;-0.0198;0.2988;602345.0;-766877000.0;-3.6;0.0155
NEXP3;0.55;-1.06;1.6;0.548;0.0;0.232;3.15;-3.49;-0.54;-1.76;-3.21;-0.1572;-0.5165;1.21;-0.0988;-1.5041;582628.0;45738000.0;1.34;0.0551
OIBR3;0.56;-1.0;3.57;0.345;0.0;0.047;0.2;-1.0;-0.12;-8.72;281.68;-0.3446;-0.3417;1.65;-0.0507;-3.571;46638700.0;1035200000.0;29.25;-0.2371
TXRX4;4.06;-0.8;-0.05;0.1;0.0;0.076;-0.09;0.6;-0.04;10.57;9.02;0.1684;-0.1261;0.36;0.1861;0.0651;1387.95;-333575000.0;-0.87;0.1649
TCSA3;1.79;-0.8;0.23;0.818;0.0;0.084;0.24;-1.59;-1.32;-6.32;-7.44;-0.5154;-1.03;3.14;-0.0603;-0.2836;967004.0;583198000.0;0.99;-0.1229
SGPS3;3.0;-0.79;0.16;0.09;0.0;0.049;0.51;1.76;-0.19;11.02;5.01;0.0509;-0.1139;1.28;0.0326;-0.2092;326026.0;909776000.0;1.04;-0.0216
PLAS3;7.58;-0.74;-0.28;0.142;0.0;0.133;-0.28;-2.91;-0.11;-11.1;16.16;-0.0487;-0.1932;0.37;-0.0523;0.3865;1492.07;-331557000.0;-0.82;0.1358
BDLL3;10.58;-0.73;-0.09;0.933;0.0;0.026;-0.18;-0.64;-0.03;-8.89;-10.54;-1.463;-1.2837;0.72;-0.044;0.1225;8224.33;-190126000.0;-1.15;-0.4064
HOOT4;2.09;-0.72;-0.08;0.643;0.0;0.082;-0.06;-1.22;-0.04;-1.02;-1.48;-0.5265;-0.8903;0.05;-0.0707;0.1062;18685.6;-500821000.0;-0.0;-0.2251
IGBR3;28.0;-0.65;-0.03;6.362;0.0;0.302;-0.08;-0.47;-0.03;-5.2;-5.4;-13.4301;-9.8457;0.02;-0.694;0.0519;153166.0;-1042720000.0;-0.34;-0.0538
BDLL4;8.6;-0.59;-0.07;0.758;0.0;0.021;-0.14;-0.52;-0.02;-8.78;-10.4;-1.463;-1.2837;0.72;-0.044;0.1225;3549.6;-190126000.0;-1.15;-0.4064
CTNM4;2.49;-0.58;0.11;0.036;0.0;0.019;0.27;0.68;-0.07;11.13;5.51;0.0524;-0.0985;1.2;0.0323;-0.1864;44584.1;700703000.0;1.93;-0.0113
JFEN3;0.94;-0.46;-0.17;11.12;0.0;0.084;-0.61;-0.96;-0.11;-6.55;-6.68;-11.5836;-24.6688;0.86;-0.0946;0.359;168809.0;-597469000.0;-1.0;-0.508
RPMG3;2.2;-0.3;-0.04;0.054;0.0;0.032;-0.04;-0.3;-0.04;-0.3;-0.3;-0.1843;-0.1813;0.56;-0.1143;0.1341;23458.8;-3701300000.0;0.0;0.3708
MTIG4;40.0;-0.25;-0.16;0.261;0.0;0.113;-0.12;-0.53;-0.08;-5.6;-6.86;-0.4941;-1.0655;0.23;-0.251;0.6349;474.42;-61905500.0;-1.5;-0.253
SNSY5;2.95;-0.17;-0.01;0.03;0.0;0.05;-0.35;-1.51;-0.01;-9.73;55.02;-0.0197;-0.1735;0.81;-0.0395;0.0862;9379.65;-1523970000.0;-0.08;0.1746
RSID3;2.36;-0.16;-0.06;2.057;0.0;0.052;-0.05;-0.62;-0.04;-8.24;-8.44;-3.3357;-13.791;0.31;-0.089;0.3636;745371.0;-822553000.0;-0.72;-0.3792
ATMP3;1.03;-0.16;0.36;0.027;0.0;0.016;-0.04;-0.81;-0.02;-10.41;4.71;-0.0337;-0.1746;0.39;-0.0215;-2.2965;61950.2;76201000.0;4.7;-0.1157
LLIS3;1.54;-0.12;-0.18;0.113;0.0;0.069;-1.96;-1.4;-0.06;-24.48;24.5;-0.0805;-0.8773;0.9;-0.0556;1.4726;691855.0;-586294000.0;-3.04;-0.1248
MNDL3;25.39;-0.11;-0.08;0.088;0.0;0.05;-0.05;0.72;-0.04;4.31;3.67;0.1235;-0.8387;0.25;0.0746;0.8056;63462.2;-740803000.0;-0.43;0.1194
TEKA4;12.9;-0.08;-0.0;0.026;0.0;0.006;-0.0;0.79;-0.0;70.74;46.32;0.0332;-0.3405;0.04;0.0126;0.0471;43759.5;-1796910000.0;-0.32;0.1374
APER3;26.79;0.0;1.37;2.459;0.0026;0.764;11.41;0.0;-4.37;0.0;0.0;0.0;0.0;1.34;0.0;0.0;2077990.0;298664000.0;0.0;0.1519
GPAR3;39.0;0.0;2.73;11.114;0.0133;1.261;4.56;0.0;4.75;0.0;0.0;0.0;0.0;1.52;0.0;0.0;1487.09;1111990000.0;0.0;0.0439
MATD3;7.63;0.0;1.76;0.0;0.0118;0.65;2.99;0.0;-2.16;0.0;0.0;0.0;0.0;3.18;0.0;0.0;4887480.0;1657630000.0;0.72;0.0
MEGA3;12.0;0.0;1.62;0.0;0.0;0.521;14.61;0.0;-1.03;0.0;0.0;0.0;0.0;1.26;0.0;0.0;45453200.0;4210340000.0;1.47;0.0
PDTC3;2.85;0.0;1.81;0.0;0.0;0.527;1.53;0.0;15.72;0.0;0.0;0.0;0.0;1.86;0.0;0.0;272658.0;123588000.0;0.84;0.0
INEP3;0.54;0.08;-0.07;3.775;0.0;0.064;-0.1;0.07;-0.04;0.67;0.67;56.3762;49.6486;0.1;1.003;-0.9497;1214700.0;-1314180000.0;-0.66;-0.1872
INEP4;0.54;0.08;-0.07;3.775;0.0;0.064;-0.1;0.07;-0.04;0.67;0.67;56.3762;49.6486;0.1;1.003;-0.9497;362001.0;-1314180000.0;-0.66;-0.1872
SLED4;3.78;0.12;-0.01;0.082;0.0;0.029;-0.04;-0.16;-0.01;-5.29;-9.73;-0.5308;0.6964;0.41;-0.3156;-0.1145;101201.0;-505770000.0;-0.5;-0.561
OSXB3;5.41;0.14;-0.0;0.562;0.0;0.008;-0.03;-0.26;-0.0;-75.92;-98.6;-2.1244;2.5793;0.03;-0.0324;-0.0224;97085.8;-5470030000.0;-0.89;0.2582
MWET4;9.15;0.14;-0.38;0.073;0.0;0.078;-1.42;2.45;-0.1;10.27;6.74;0.0297;0.5042;0.88;0.0375;-2.6614;28847.0;-49070000.0;-1.24;0.1397
MWET3;18.99;0.3;-0.8;0.151;0.0;0.163;-2.95;5.08;-0.2;12.9;8.47;0.0297;0.5042;0.88;0.0375;-2.6614;44.16;-49070000.0;-1.24;0.1397
MGEL4;13.8;0.33;-0.47;0.087;0.0;0.125;0.37;0.76;-0.18;6.83;5.78;0.1146;0.2663;2.32;0.2008;-1.4294;24859.0;-171480000.0;-4.08;0.1807
SLED3;10.59;0.33;-0.04;0.231;0.0;0.081;-0.1;-0.43;-0.03;-5.57;-10.25;-0.5308;0.6964;0.41;-0.3156;-0.1145;14514.2;-505770000.0;-0.5;-0.561
PDGR3;0.91;0.37;-0.01;0.147;0.0;0.042;-0.02;-0.7;-0.01;-15.08;-15.24;-0.2093;0.4151;0.32;-0.0829;-0.0273;818837.0;-5104050000.0;-0.22;-0.0386
GPIV33;4.12;0.46;0.19;0.275;0.0;0.09;0.46;0.32;1.36;-0.38;-0.38;0.8608;0.866;6.29;0.3642;0.4077;266832.0;1741200000.0;0.06;0.1352
SYNE3;4.1;0.49;0.38;0.267;0.0;0.133;0.92;0.4;-0.6;0.95;0.91;0.6619;0.5861;4.61;0.3758;0.7679;3573310.0;1652140000.0;0.86;0.3825
GSHP3;23.65;0.68;-0.08;0.323;0.0;0.03;2.32;0.9;-0.03;31.27;29.42;0.3585;0.4733;1.08;0.0345;-0.119;2915.4;-560989000.0;-2.82;-0.1801
USIM3;8.21;1.1;0.45;0.298;0.2124;0.263;0.72;1.1;1.67;0.99;0.89;0.2713;0.2931;3.69;0.3146;0.4068;5774370.0;22934500000.0;0.24;0.2837
FHER3;16.97;1.14;1.41;0.191;0.0;0.346;1.0;1.2;-5.19;1.64;1.58;0.1587;0.1679;2.0;0.3231;1.2403;9728370.0;647455000.0;0.54;-0.0097
USIM5;8.65;1.16;0.47;0.314;0.2217;0.277;0.76;1.16;1.76;1.04;0.95;0.2713;0.2931;3.69;0.3146;0.4068;191601000.0;22934500000.0;0.24;0.2837
BRAP3;22.8;1.23;1.17;0.0;0.3667;1.162;10.49;-330.32;10.5;-296.96;-296.96;0.0;0.0;17.83;-0.004;0.9529;3052810.0;7663710000.0;0.0;0.0
BRKM6;25.0;1.3;1.72;0.182;0.0242;0.229;1.3;0.8;-0.54;1.56;1.33;0.227;0.1413;1.63;0.3971;1.3256;1057.7;11598700000.0;2.68;0.1915
BAZA3;38.05;1.33;0.35;0.0;0.1799;0.0;0.0;0.0;0.0;0.0;0.0;0.0;0.0;0.0;0.0;0.2637;109164.0;3220180000.0;0.0;0.098
BRAP4;25.24;1.36;1.29;0.0;0.3644;1.286;11.61;-365.67;11.62;-332.31;-332.31;0.0;0.0;17.83;-0.004;0.9529;86224400.0;7663710000.0;0.0;0.0
EUCA4;7.96;1.44;0.38;0.293;0.0356;0.214;1.63;1.44;-2.47;2.26;1.76;0.2032;0.1794;1.62;0.1633;0.2615;414981.0;1962860000.0;0.25;0.2017
HBTS5;38.0;1.79;0.73;1.204;0.0304;0.255;-34.78;2.71;-0.46;4.26;4.23;0.4445;0.6715;0.93;0.0975;0.4059;3415.65;476819000.0;0.5;0.7155
GOAU3;9.03;1.88;0.67;0.119;0.268;0.136;0.47;0.49;1.71;0.71;0.63;0.2436;0.1948;2.49;0.3587;0.3571;918268.0;14650200000.0;0.87;0.1745
GGBR3;17.84;1.92;0.72;0.373;0.1855;0.429;1.54;1.53;6.24;1.79;1.59;0.2438;0.1947;2.43;0.3592;0.3772;1379610.0;42328400000.0;0.3;0.1745
BRKM5;37.24;1.93;2.56;0.271;0.248;0.342;1.93;1.19;-0.8;1.95;1.67;0.227;0.1413;1.63;0.3971;1.3256;99508100.0;11598700000.0;2.68;0.1915
BRKM3;37.51;1.94;2.58;0.273;0.2462;0.344;1.94;1.2;-0.81;1.96;1.67;0.227;0.1413;1.63;0.3971;1.3256;451541.0;11598700000.0;2.68;0.1915
CALI3;6.0;1.95;1.45;0.146;0.144;0.051;0.16;1.55;-0.17;16.03;15.44;0.0939;0.0749;1.97;0.0389;0.7438;7001.3;7713000.0;13.8;0.8679
USIM6;14.5;1.95;0.79;0.526;0.1323;0.465;1.27;1.94;2.95;1.83;1.66;0.2713;0.2931;3.69;0.3146;0.4068;145.74;22934500000.0;0.24;0.2837
GOAU4;9.55;1.98;0.71;0.126;0.2534;0.144;0.5;0.52;1.81;0.74;0.65;0.2436;0.1948;2.49;0.3587;0.3571;114425000.0;14650200000.0;0.87;0.1745
MRFG3;12.11;2.01;2.49;0.093;0.2701;0.172;1.75;0.6;-0.38;2.15;1.93;0.1546;0.0733;1.29;0.4181;1.2416;129098000.0;3359720000.0;9.79;0.4855
PCAR3;16.34;2.11;0.31;0.09;0.0217;0.098;3.23;1.29;-0.32;2.68;1.68;0.0696;0.0462;1.11;0.0982;0.1462;46077300.0;14283000000.0;0.58;0.0005
FRTA3;2.7;2.12;-0.09;0.388;0.0;0.161;-0.07;-2.53;-0.06;-30.07;-30.07;-0.1532;0.1828;0.08;-0.0754;-0.0412;6876.72;-63392000.0;-0.96;-0.1298
CTKA4;11.0;2.2;-0.45;0.117;0.0;0.108;0.37;1.34;-0.2;12.43;9.73;0.0869;0.0531;1.71;0.0914;-0.2053;7420.72;-151344000.0;-3.8;0.1666
CEAB3;2.3;2.25;0.25;0.127;0.0;0.086;0.57;-6.5;-0.39;-16.09;10.16;-0.0196;0.0565;1.52;-0.0173;0.1114;14839400.0;2825950000.0;0.61;-0.06
ETER3;9.31;2.27;0.95;0.517;0.0682;0.539;1.02;2.2;1.8;1.44;1.35;0.2345;0.2277;3.57;0.3364;0.4182;13283300.0;605502000.0;0.06;0.174
EUCA3;12.87;2.32;0.61;0.473;0.02;0.346;2.64;2.33;-3.99;3.15;2.45;0.2032;0.1794;1.62;0.1633;0.2615;19354.7;1962860000.0;0.25;0.2017
GGBR4;22.35;2.41;0.91;0.467;0.1481;0.537;1.92;1.91;7.82;2.17;1.93;0.2438;0.1947;2.43;0.3592;0.3772;404832000.0;42328400000.0;0.3;0.1745
PETR4;27.93;2.43;0.84;0.717;0.4124;0.365;5.26;1.65;-1.01;2.52;1.9;0.4333;0.2967;1.53;0.2494;0.3456;2483380000.0;434194000000.0;0.64;0.0936
MNPR3;6.88;2.47;-0.14;0.149;0.0;0.181;-0.12;1.02;-0.1;1.03;0.91;0.1454;0.0603;0.25;0.1872;-0.0572;38782.7;-345565000.0;-0.0;0.1432
CSNA3;15.44;2.49;0.94;0.429;0.1451;0.272;1.63;1.15;-1.12;2.0;1.76;0.3733;0.1939;1.65;0.3334;0.3759;238223000.0;21883300000.0;1.41;0.2526
TASA3;16.22;2.53;2.18;0.672;0.1001;0.925;3.65;2.09;7.9;2.31;2.23;0.3214;0.2659;1.58;0.5732;0.8601;798589.0;885921000.0;0.6;0.4039
TASA4;16.23;2.53;2.18;0.673;0.1001;0.925;3.66;2.09;7.91;2.31;2.24;0.3214;0.2659;1.58;0.5732;0.8601;19228400.0;885921000.0;0.6;0.4039
EPAR3;12.11;2.54;1.81;0.192;0.0;0.689;2.2;3.02;10.49;3.25;2.66;0.0637;0.0757;1.84;0.3418;0.7133;22659.0;99297000.0;0.63;0.3996
PETR3;30.54;2.65;0.92;0.784;0.3772;0.399;5.75;1.81;-1.1;2.67;2.02;0.4333;0.2967;1.53;0.2494;0.3456;571987000.0;434194000000.0;0.64;0.0936
HBRE3;4.2;2.71;0.23;4.211;0.0;0.114;1.51;1.35;-0.48;3.43;3.42;3.1207;1.8093;2.23;0.0956;0.0847;267432.0;1888280000.0;0.57;0.3373
HAGA4;1.34;2.72;-0.25;0.451;0.0;0.267;0.8;-70.76;-0.22;-26.84;4.35;-0.0064;0.1655;1.67;-0.0107;-0.0936;33847.2;-62615200.0;-0.43;0.1398
JBSS3;31.59;2.97;1.62;0.191;0.1018;0.37;3.2;2.02;-1.03;3.9;3.07;0.0948;0.065;1.41;0.2424;0.5461;275576000.0;43186100000.0;1.94;0.2251
DEXP4;6.74;3.02;1.28;0.31;0.0602;0.451;1.18;2.56;4.33;3.3;2.99;0.121;0.1224;2.29;0.229;0.4221;28947.0;496657000.0;0.8;0.3507
CGRA4;29.6;3.1;0.74;0.867;0.0803;0.516;1.93;4.12;3.13;3.86;3.44;0.2103;0.28;2.33;0.1457;0.2393;474401.0;771112000.0;0.03;0.0814
SUZB3;49.69;3.12;2.68;1.617;0.0268;0.599;2.81;4.03;-1.21;7.0;4.94;0.4018;0.5188;4.12;0.1849;0.8578;305267000.0;25282200000.0;2.72;0.3936
CGRA3;30.0;3.14;0.75;0.879;0.0792;0.523;1.96;4.18;3.17;3.92;3.49;0.2103;0.28;2.33;0.1457;0.2393;334260.0;771112000.0;0.03;0.0814
DEXP3;7.3;3.27;1.38;0.336;0.0527;0.488;1.28;2.78;4.68;3.51;3.19;0.121;0.1224;2.29;0.229;0.4221;2660580.0;496657000.0;0.8;0.3507
VALE3;76.56;3.37;2.15;1.362;0.1628;0.867;16.84;2.36;-2.3;2.5;2.28;0.5775;0.4069;1.33;0.4249;0.6377;2323620000.0;178314000000.0;0.37;0.2795
ENAT3;17.57;3.43;1.17;2.072;0.0972;0.764;2.52;6.21;6.18;3.83;1.78;0.3336;0.6044;2.79;0.227;0.3418;52286500.0;3984900000.0;0.15;0.3361
TKNO4;79.93;3.43;0.96;0.709;0.1057;0.667;2.0;4.76;2.24;3.92;3.54;0.1488;0.2065;2.24;0.1865;0.2796;539.26;245645000.0;0.06;0.2542
AZUL4;12.38;3.47;-0.28;0.38;0.0;0.242;-0.64;3.53;-0.15;19.8;8.21;0.1076;0.1094;0.43;0.087;-0.0793;150624000.0;-15638800000.0;-1.39;-0.0021
ALLD3;9.9;3.49;0.6;0.154;0.1338;0.233;1.02;3.4;2.75;4.47;3.53;0.0454;0.0442;1.48;0.1179;0.1724;1041670.0;1533190000.0;0.26;0.1922
CLSC3;56.49;3.49;0.77;0.19;0.0698;0.169;1.66;2.63;-0.41;3.69;2.84;0.072;0.0543;1.38;0.0801;0.2192;14493.8;2846530000.0;0.91;0.1102
PTNT4;6.0;3.5;0.88;0.344;0.0338;0.391;1.64;4.67;5.99;6.81;4.4;0.0737;0.0991;1.82;0.1045;0.2525;122218.0;326599000.0;0.56;0.1347
BNBR3;67.95;3.55;0.74;0.0;0.0664;0.0;0.0;0.0;0.0;0.0;0.0;0.0;0.0;0.0;0.0;0.2081;11328.2;7935020000.0;0.0;0.1946
CLSC4;58.35;3.61;0.79;0.196;0.0823;0.174;1.72;2.72;-0.43;3.78;2.9;0.072;0.0543;1.38;0.0801;0.2192;367188.0;2846530000.0;0.91;0.1102
CPLE3;6.37;3.61;0.77;0.709;0.1669;0.346;4.79;4.5;-1.12;6.52;5.03;0.1576;0.2002;1.44;0.0876;0.2147;6700720.0;22501400000.0;0.53;0.1439
EALT4;6.65;3.61;0.79;0.344;0.1889;0.299;17.99;3.03;-1.26;5.14;3.96;0.1134;0.0951;1.05;0.1102;0.2192;127504.0;188886000.0;0.6;0.1681
PLPL3;1.92;3.66;1.18;0.308;0.0839;0.285;0.4;1.34;2.16;1.8;1.7;0.2303;0.084;4.9;0.2871;0.3225;1582180.0;332093000.0;1.24;0.2553
MYPK3;15.71;3.74;0.67;0.163;0.0894;0.178;1.37;2.05;-0.89;5.7;3.9;0.0794;0.0497;1.34;0.1159;0.1795;22988200.0;3597670000.0;1.58;0.1302
CPLE11;33.44;3.79;0.81;0.744;0.0;0.364;5.03;4.72;-1.18;6.75;5.21;0.1576;0.2002;1.44;0.0876;0.2147;12283400.0;22501400000.0;0.53;0.1439
HBOR3;2.4;3.8;0.24;0.35;0.0753;0.072;0.18;4.47;4.44;18.5;14.52;0.0782;0.1437;2.98;0.0176;0.0629;1766080.0;1342810000.0;1.0;0.1986
RAPT3;8.05;3.82;1.01;0.276;0.0808;0.239;0.83;2.07;-3.7;4.37;3.7;0.1331;0.0909;1.83;0.1596;0.2644;177614.0;2624880000.0;1.85;0.2794
DMMO3;1.44;3.86;-1.6;3.355;0.0;2.762;31.75;6.72;-1.24;6.44;5.35;0.4993;0.8685;1.22;0.467;-0.4151;35327000.0;-457700000.0;-0.0;-0.1949
CPLE6;6.83;3.87;0.83;0.76;0.1712;0.372;5.13;4.82;-1.2;6.85;5.28;0.1576;0.2002;1.44;0.0876;0.2147;70612100.0;22501400000.0;0.53;0.1439
AGRO3;24.38;3.93;1.01;1.296;0.1902;0.715;1.75;3.25;3.26;3.33;2.92;0.3992;0.3293;4.91;0.2785;0.2569;20342400.0;2469380000.0;0.26;0.5231
EALT3;7.4;4.02;0.88;0.382;0.1543;0.333;20.02;3.37;-1.4;5.48;4.22;0.1134;0.0951;1.05;0.1102;0.2192;4561.02;188886000.0;0.6;0.1681
BGIP4;19.0;4.05;0.51;0.0;0.0758;0.0;0.0;0.0;0.0;0.0;0.0;0.0;0.0;0.0;0.0;0.1252;30601.4;573281000.0;0.0;0.0189
JHSF3;5.83;4.05;0.86;1.901;0.0596;0.462;3.31;3.53;-2.05;4.77;4.56;0.538;0.4589;2.57;0.1417;0.2127;20755800.0;4599010000.0;0.45;0.569
UNIP3;84.36;4.07;3.32;1.277;0.1393;1.357;5.37;3.56;-15.85;3.39;3.1;0.3583;0.3165;2.02;0.5745;0.8147;3276040.0;2642370000.0;0.54;0.1982
CTSA4;0.77;4.1;0.28;0.142;0.0775;0.133;5.39;3.22;-0.84;9.57;6.7;0.0443;0.0347;1.07;0.0468;0.0693;58164.7;301441000.0;0.6;0.0817
ROMI3;12.0;4.12;0.93;0.608;0.0814;0.458;1.51;4.16;5.03;6.17;5.09;0.1461;0.1479;2.03;0.1302;0.225;5084750.0;948928000.0;0.61;0.2109
CRPG5;29.79;4.13;0.99;0.922;0.1563;0.764;1.64;4.21;2.07;3.56;3.06;0.2189;0.2234;4.62;0.2176;0.2388;348775.0;876876000.0;0.0;0.1208
PEAB3;50.2;4.13;0.95;20.407;0.2362;0.82;2.12;-36.55;2.83;-20.98;-25.48;-0.5584;4.9435;10.78;-0.0362;0.2298;5864.98;679035000.0;0.03;-0.4614
PTBL3;6.36;4.2;2.19;0.444;0.1196;0.43;3.05;2.46;-1.31;3.84;3.18;0.1805;0.1056;1.42;0.2428;0.5224;5075060.0;408565000.0;1.78;0.1831
CRIV3;3.24;4.21;0.32;0.0;0.0077;0.0;0.0;0.0;0.0;0.0;0.0;0.0;0.0;0.0;0.0;0.0755;9127.88;1050760000.0;0.0;-0.0027
POMO3;2.13;4.21;0.69;0.557;0.0502;0.301;1.3;-63.89;-10.11;-99.67;42.3;-0.0087;0.13;1.79;-0.0063;0.1641;344036.0;2920830000.0;0.81;0.011
DXCO3;9.87;4.23;1.36;0.88;0.118;0.53;6.17;4.69;-2.15;6.65;4.57;0.1877;0.2082;1.31;0.1448;0.3227;36992800.0;5504040000.0;0.86;0.1913
MLAS3;3.96;4.32;0.78;0.735;0.0311;0.512;0.87;15.9;1.03;15.93;13.12;0.0462;0.1702;3.36;0.0418;0.1799;8410680.0;4179710000.0;0.18;0.0
BBAS3;33.38;4.35;0.67;0.0;0.0916;0.0;0.0;0.0;0.0;0.0;0.0;0.0;0.0;0.0;0.0;0.1549;575302000.0;141977000000.0;0.0;0.0971
NEOE3;14.92;4.38;0.73;0.405;0.0443;0.206;4.73;1.87;-0.45;5.37;4.41;0.2167;0.0954;1.2;0.1241;0.1658;29476100.0;24913000000.0;1.58;0.1738
BRSR6;8.96;4.4;0.41;0.0;0.1311;0.0;0.0;0.0;0.0;0.0;0.0;0.0;0.0;0.0;0.0;0.0927;23668600.0;8991120000.0;0.0;0.0535
UNIP6;91.1;4.4;3.58;1.379;0.1419;1.466;5.8;3.85;-17.12;3.67;3.36;0.3583;0.3165;2.02;0.5745;0.8147;22839900.0;2642370000.0;0.54;0.1982
RAPT4;9.38;4.45;1.18;0.321;0.0694;0.278;0.97;2.41;-4.31;4.71;3.99;0.1331;0.0909;1.83;0.1596;0.2644;22736500.0;2624880000.0;1.85;0.2794
CMIN3;3.86;4.46;1.44;1.224;0.2313;0.88;3.43;2.55;48.97;2.28;2.07;0.4805;0.2745;2.73;0.5079;0.3221;39223200.0;14739900000.0;0.29;-0.0178
SAPR3;3.64;4.5;0.68;1.022;0.0328;0.352;4.15;2.56;-1.15;4.02;3.38;0.3993;0.2271;1.94;0.1561;0.1507;894297.0;8118290000.0;0.58;0.0766
SAPR11;18.24;4.51;0.68;1.024;0.0354;0.353;4.16;2.56;-1.16;4.03;3.39;0.3993;0.2271;1.94;0.1561;0.1507;23714800.0;8118290000.0;0.58;0.0766
UNIP5;93.61;4.52;3.68;1.417;0.1381;1.506;5.96;3.95;-17.59;3.78;3.46;0.3583;0.3165;2.02;0.5745;0.8147;15149.4;2642370000.0;0.54;0.1982
ESPA3;2.11;4.54;0.71;0.689;0.0388;0.235;2.68;6.04;-0.82;15.24;8.36;0.1141;0.1489;1.3;0.0418;0.157;15142300.0;723328000.0;1.27;0.3641
POSI3;5.55;4.54;0.71;0.212;0.0613;0.19;0.55;2.98;1.66;5.44;4.65;0.0711;0.0472;1.69;0.1075;0.1574;19469200.0;1101320000.0;1.16;0.1776
SAPR4;3.75;4.63;0.7;1.052;0.035;0.363;4.28;2.64;-1.19;4.1;3.45;0.3993;0.2271;1.94;0.1561;0.1507;7600360.0;8118290000.0;0.58;0.0766
CRPG6;33.99;4.71;1.12;1.053;0.137;0.872;1.87;4.81;2.36;4.15;3.57;0.2189;0.2234;4.62;0.2176;0.2388;12108.9;876876000.0;0.0;0.1208
CMIG4;10.38;4.78;1.11;0.665;0.0968;0.447;7.93;3.7;-1.28;4.91;4.17;0.1795;0.1392;1.3;0.1329;0.2315;121750000.0;20667000000.0;0.48;0.1086
LOGG3;18.27;4.78;0.54;12.166;0.0474;0.361;165.54;16.7;-1.46;27.73;27.5;0.7287;2.5649;1.03;0.0218;0.1135;7178330.0;3443650000.0;0.36;0.1182
POMO4;2.47;4.88;0.8;0.645;0.0433;0.349;1.5;-74.09;-11.73;-109.87;46.63;-0.0087;0.13;1.79;-0.0063;0.1641;10169200.0;2920830000.0;0.81;0.011
ENGI4;6.74;4.88;1.37;0.439;0.0846;0.229;6.02;2.18;-0.42;5.53;4.51;0.2017;0.0997;1.17;0.1205;0.2809;124523.0;8915060000.0;2.65;0.1688
MOVI3;13.05;4.88;1.46;0.728;0.0259;0.226;1.11;2.14;-0.47;5.86;4.66;0.3407;0.1491;2.25;0.1629;0.2987;46008600.0;3241290000.0;4.28;0.2572
CEEB5;34.49;4.89;1.38;0.611;0.0;0.361;6.66;2.68;-0.73;5.86;4.85;0.2279;0.1249;1.29;0.1457;0.2822;160.42;6556000000.0;1.75;0.1446
MDNE3;5.14;4.89;0.4;0.692;0.0;0.167;0.77;4.38;-0.92;3.47;3.33;0.1582;0.1433;2.19;0.0419;0.0812;1197610.0;1097900000.0;0.07;0.2418
FESA4;46.53;4.92;1.56;1.575;0.0691;1.147;3.62;4.06;6.88;3.69;3.19;0.3876;0.3204;3.72;0.3751;0.3182;18227200.0;2627850000.0;0.15;0.2083
BOBR4;1.31;4.98;-1.68;0.279;0.0;0.406;-1.38;10.06;-0.51;18.69;11.21;0.0278;0.0561;0.6;0.0614;-0.3376;37979.8;-202950000.0;-1.63;0.0306
AZEV4;2.45;4.99;1.12;0.906;0.0;0.293;-16.96;-7.89;-0.67;-8.65;-16.76;-0.115;0.1816;0.95;-0.0418;0.2253;761747.0;118646000.0;0.26;0.1483
RANI3;6.67;5.03;1.62;1.033;0.092;0.71;3.04;3.4;-3.43;4.35;3.66;0.3038;0.2056;2.93;0.2668;0.3223;8783460.0;1057360000.0;0.84;0.1559
LAVV3;4.62;5.07;0.78;1.491;0.2012;0.518;0.92;5.42;1.07;2.39;2.38;0.2749;0.3334;3.67;0.1367;0.1532;5135750.0;1186460000.0;0.0;0.5176
TRPL4;22.97;5.08;1.02;2.607;0.0865;0.504;5.36;3.76;-1.42;5.4;5.37;0.6932;0.5178;3.29;0.1401;0.2;42718500.0;14896500000.0;0.52;0.1835
MRVE3;7.81;5.1;0.63;0.524;0.0461;0.181;0.6;6.8;-0.88;15.4;12.51;0.0772;0.116;2.71;0.0294;0.1228;72738100.0;6021890000.0;1.02;0.0948
CAMB3;4.2;5.23;1.38;0.639;0.0;0.526;4.11;3.15;-2.81;4.78;3.9;0.2028;0.1226;1.42;0.1897;0.2629;160970.0;129050000.0;0.84;-0.0305
LEVE3;23.19;5.28;1.68;0.811;0.1812;0.982;3.69;4.74;6.89;4.55;3.94;0.1709;0.1533;1.91;0.2671;0.3178;7220790.0;1773710000.0;0.13;0.0968
GFSA3;1.07;5.28;0.2;0.428;0.0;0.075;0.21;5.31;5.69;20.58;14.76;0.0806;0.0809;2.24;0.0162;0.0377;8738980.0;1816090000.0;0.9;0.0584
FESA3;50.0;5.28;1.68;1.692;0.0585;1.232;3.89;4.37;7.4;4.0;3.46;0.3876;0.3204;3.72;0.3751;0.3182;15375.1;2627850000.0;0.15;0.2083
CEEB3;37.45;5.31;1.5;0.663;0.2292;0.392;7.23;2.91;-0.79;6.09;5.04;0.2279;0.1249;1.29;0.1457;0.2822;13206.7;6556000000.0;1.75;0.1446
CBAV3;11.58;5.31;1.34;0.773;0.0;0.58;2.71;5.17;-3.21;6.06;4.38;0.1496;0.1566;2.43;0.1381;0.2519;57606500.0;5159510000.0;0.54;0.0
CYRE3;11.82;5.35;0.74;0.941;0.0478;0.332;0.87;5.84;6.3;7.7;7.06;0.1613;0.1952;3.13;0.0685;0.139;83812600.0;6357090000.0;0.58;0.1726
ITSA4;8.34;5.37;1.12;8.632;0.062;0.857;20.97;52.35;-9.74;55.82;36.62;0.1649;1.7384;1.6;0.0177;0.2092;217938000.0;65555000000.0;0.15;0.1356
ENBR3;20.51;5.45;1.03;0.628;0.107;0.326;3.56;3.28;-0.9;5.98;4.94;0.1914;0.1266;1.46;0.1121;0.1893;64251700.0;11555100000.0;1.08;0.0896
BRSR3;11.16;5.47;0.51;0.0;0.1053;0.0;0.0;0.0;0.0;0.0;0.0;0.0;0.0;0.0;0.0;0.0927;85375.9;8991120000.0;0.0;0.0535
LUPA3;3.08;5.51;0.68;0.86;0.0;0.179;0.67;-12.16;-0.65;-28.51;-107.64;-0.0708;0.1562;2.38;-0.0157;0.1231;2298080.0;132709000.0;1.01;-0.0787
UCAS3;2.71;5.53;1.01;0.755;0.0398;0.571;5.91;6.79;14.72;5.02;3.67;0.1113;0.1365;1.26;0.1075;0.1821;217515.0;177759000.0;0.08;0.106
ABCB4;15.52;5.54;0.73;0.0;0.074;0.0;0.0;0.0;0.0;0.0;0.0;0.0;0.0;0.0;0.0;0.1326;12104300.0;4774270000.0;0.0;0.1585
JSLG3;5.12;5.57;1.08;0.31;0.0733;0.207;1.1;3.63;-0.45;11.83;7.29;0.0855;0.0558;2.19;0.0667;0.1945;2869680.0;1354950000.0;2.95;-0.2395
AFLT3;9.09;5.6;2.24;4.564;0.0469;2.047;9.77;5.42;14.06;5.23;5.22;0.8425;0.8152;10.78;0.4115;0.3998;3251.98;256222000.0;0.0;0.4191
EKTR4;27.07;5.63;1.51;0.6;0.1737;0.475;3.4;3.09;-1.76;5.43;4.6;0.194;0.1064;1.51;0.1827;0.2671;4786.21;3485000000.0;1.44;0.0912
EVEN3;4.33;5.64;0.5;0.447;0.017;0.152;0.44;3.52;0.93;1.6;1.55;0.127;0.1141;1.9;0.0515;0.0884;7431760.0;1840500000.0;0.21;0.0691
MTSA4;38.49;5.65;1.03;0.52;0.0579;0.721;1.44;4.28;1.5;4.05;3.65;0.1217;0.0922;2.81;0.2113;0.1818;90992.8;329552000.0;0.12;0.2611
CRPG3;40.8;5.65;1.35;1.263;0.0;1.046;2.25;5.77;2.83;5.12;4.4;0.2189;0.2234;4.62;0.2176;0.2388;1060.14;876876000.0;0.0;0.1208
KEPL3;14.63;5.69;2.66;0.921;0.2703;1.263;7.2;4.22;11.18;3.9;3.57;0.2181;0.1619;1.38;0.4069;0.4684;13332100.0;493350000.0;0.12;0.2325
CSAN3;18.2;5.69;2.18;1.214;0.044;0.355;3.0;8.75;-0.83;16.77;9.96;0.1388;0.2213;1.89;0.0483;0.3831;185767000.0;15647400000.0;2.77;0.3132
ITSA3;8.86;5.71;1.19;9.17;0.0584;0.911;22.27;55.61;-10.35;59.09;38.76;0.1649;1.7384;1.6;0.0177;0.2092;930434.0;65555000000.0;0.15;0.1356
HAGA3;2.83;5.75;-0.54;0.951;0.0;0.564;1.7;-149.44;-0.46;-105.52;17.09;-0.0064;0.1655;1.67;-0.0107;-0.0936;32760.2;-62615200.0;-0.43;0.1398
CURY3;6.15;5.76;2.77;0.972;0.1117;0.612;2.6;4.41;-35.33;3.89;3.91;0.2206;0.1693;1.49;0.1812;0.4809;6337710.0;648107000.0;0.6;0.4693
BMEB4;9.95;5.78;0.89;0.0;0.0519;0.0;0.0;0.0;0.0;0.0;0.0;0.0;0.0;0.0;0.0;0.1534;25259.4;1175540000.0;0.0;0.1547
JALL3;7.66;5.82;1.63;1.558;0.0384;0.531;1.79;4.07;-2.61;5.61;3.27;0.3831;0.2677;2.71;0.1964;0.2793;9147860.0;1388730000.0;1.55;0.2751
ENGI11;40.35;5.85;1.64;0.526;0.0706;0.274;7.21;2.61;-0.5;5.96;4.86;0.2017;0.0997;1.17;0.1205;0.2809;97420300.0;8915060000.0;2.65;0.1688
CSRN5;19.6;5.85;2.02;0.882;0.157;0.614;56.8;4.18;-1.51;6.49;5.53;0.2112;0.1507;1.04;0.1641;0.3456;3547.67;1629000000.0;1.29;0.1245
BEES3;5.1;5.94;0.82;0.0;0.0854;0.0;0.0;0.0;0.0;0.0;0.0;0.0;0.0;0.0;0.0;0.1384;111698.0;1957960000.0;0.0;0.0548
ATOM3;2.61;5.97;2.54;1.844;0.0232;1.704;1.93;5.88;2.62;4.15;4.07;0.3138;0.3089;10.02;0.5854;0.4254;146644.0;24467000.0;0.0;0.5807
TAEE11;38.62;6.0;1.84;3.961;0.0995;0.765;7.02;4.97;-1.95;7.31;7.24;0.7962;0.6602;2.32;0.1687;0.3061;95070700.0;7244800000.0;1.06;0.367
TAEE3;12.93;6.03;1.84;3.978;0.099;0.768;7.06;5.0;-1.96;7.33;7.26;0.7962;0.6602;2.32;0.1687;0.3061;1072890.0;7244800000.0;1.06;0.367
TAEE4;12.95;6.03;1.85;3.984;0.0989;0.769;7.07;5.0;-1.96;7.34;7.27;0.7962;0.6602;2.32;0.1687;0.3061;2568720.0;7244800000.0;1.06;0.367
AZEV3;2.99;6.09;1.37;1.106;0.0;0.358;-20.7;-9.62;-0.81;-10.38;-20.13;-0.115;0.1816;0.95;-0.0418;0.2253;144769.0;118646000.0;0.26;0.1483
CEBR5;12.45;6.09;1.03;2.539;1.2149;0.608;1.6;7.29;1.64;1.35;1.25;0.3483;0.5563;2.61;0.1702;0.1697;105398.0;868046000.0;0.0;-0.4085
CSRN3;20.5;6.12;2.12;0.922;0.1365;0.642;59.41;4.37;-1.58;6.69;5.69;0.2112;0.1507;1.04;0.1641;0.3456;6716.49;1629000000.0;1.29;0.1245
BEES4;5.29;6.17;0.85;0.0;0.0823;0.0;0.0;0.0;0.0;0.0;0.0;0.0;0.0;0.0;0.0;0.1384;50323.6;1957960000.0;0.0;0.0548
ALUP4;8.64;6.21;1.07;1.546;0.0475;0.286;3.84;2.05;-0.67;4.21;4.05;0.7528;0.4479;1.78;0.1535;0.1726;127038.0;7084130000.0;1.41;0.3818
KLBN4;4.02;6.22;2.62;1.295;0.0509;0.562;3.27;3.62;-1.19;6.49;4.53;0.3575;0.2213;2.53;0.1969;0.4217;2349900.0;8615570000.0;2.79;0.1746
ALUP11;25.95;6.22;1.07;1.548;0.0474;0.286;3.84;2.06;-0.67;4.21;4.05;0.7528;0.4479;1.78;0.1535;0.1726;24694900.0;7084130000.0;1.41;0.3818
EKTR3;30.0;6.24;1.67;0.664;0.1425;0.527;3.77;3.43;-1.95;5.77;4.89;0.194;0.1064;1.51;0.1827;0.2671;135.02;3485000000.0;1.44;0.0912
KLBN11;20.2;6.25;2.63;1.302;0.0507;0.565;3.29;3.64;-1.2;6.51;4.55;0.3575;0.2213;2.53;0.1969;0.4217;128696000.0;8615570000.0;2.79;0.1746
BGIP3;29.46;6.27;0.79;0.0;0.0444;0.0;0.0;0.0;0.0;0.0;0.0;0.0;0.0;0.0;0.0;0.1252;204.54;573281000.0;0.0;0.0189
CRIV4;4.87;6.32;0.48;0.0;0.0922;0.0;0.0;0.0;0.0;0.0;0.0;0.0;0.0;0.0;0.0;0.0755;3789.49;1050760000.0;0.0;-0.0027
DOHL4;5.7;6.32;0.61;0.635;0.0398;0.448;1.03;6.77;1.64;7.03;5.68;0.0937;0.1003;5.37;0.0727;0.0958;36524.0;711872000.0;0.12;0.0947
ALUP3;8.88;6.38;1.1;1.589;0.0462;0.294;3.95;2.11;-0.69;4.27;4.1;0.7528;0.4479;1.78;0.1535;0.1726;95889.2;7084130000.0;1.41;0.3818
SLCE3;44.13;6.4;2.0;1.136;0.055;0.625;3.07;3.72;-3.37;4.47;4.19;0.305;0.1879;1.73;0.1946;0.3118;91639800.0;4696130000.0;0.64;0.3343
PTNT3;11.04;6.43;1.62;0.633;0.0184;0.72;3.02;8.6;11.02;10.73;6.94;0.0737;0.0991;1.82;0.1045;0.2525;40386.2;326599000.0;0.56;0.1347
LIGT3;5.78;6.45;0.25;0.146;0.0439;0.078;1.04;1.65;-0.2;7.38;4.78;0.0884;0.0226;1.33;0.0576;0.0387;27218900.0;8628600000.0;1.25;0.0604
KLBN3;4.18;6.46;2.73;1.347;0.049;0.584;3.4;3.77;-1.24;6.64;4.63;0.3575;0.2213;2.53;0.1969;0.4217;592595.0;8615570000.0;2.79;0.1746
BMEB3;11.15;6.48;0.99;0.0;0.0421;0.0;0.0;0.0;0.0;0.0;0.0;0.0;0.0;0.0;0.0;0.1534;6405.95;1175540000.0;0.0;0.1547
SANB3;13.85;6.52;1.31;0.0;0.1046;0.0;0.0;0.0;0.0;0.0;0.0;0.0;0.0;0.0;0.0;0.2011;1306240.0;79249900000.0;0.0;0.1424
PATI4;54.0;6.53;1.54;0.477;0.0539;0.624;1.15;5.56;2.28;6.04;5.79;0.0857;0.073;2.66;0.2177;0.2352;125.58;841030000.0;0.87;0.3199
TECN3;2.31;6.54;0.55;0.53;0.036;0.282;0.59;2.75;1.76;3.42;3.91;0.1925;0.0811;3.81;0.1307;0.0838;1470760.0;322791000.0;0.41;-0.0266
AURA33;34.23;6.56;1.63;1.029;0.0796;0.781;2.97;2.83;-27.24;2.74;2.74;0.3634;0.1568;2.14;0.4582;0.2491;5627050.0;1481480000.0;0.57;0.1842
CSRN6;22.0;6.57;2.27;0.99;0.1399;0.689;63.75;4.69;-1.69;7.01;5.96;0.2112;0.1507;1.04;0.1641;0.3456;1021.65;1629000000.0;1.29;0.1245
EQTL3;22.84;6.58;1.6;0.994;0.028;0.366;3.27;4.53;-0.78;8.61;7.46;0.2193;0.1745;1.7;0.0955;0.2438;241115000.0;16081200000.0;1.96;0.2637
CEBR6;13.5;6.61;1.12;2.753;1.2324;0.659;1.73;7.9;1.78;1.97;1.81;0.3483;0.5563;2.61;0.1702;0.1697;200402.0;868046000.0;0.0;-0.4085
TRIS3;3.41;6.66;0.52;0.864;0.0644;0.278;0.52;4.98;0.98;7.34;7.26;0.1735;0.1409;3.72;0.0664;0.0776;5652820.0;1231170000.0;0.5;0.1413
BBDC3;14.38;6.72;1.01;0.0;0.0696;0.0;0.0;0.0;0.0;0.0;0.0;0.0;0.0;0.0;0.0;0.1509;121595000.0;151099000000.0;0.0;0.139
SANB11;28.81;6.78;1.36;0.0;0.1056;0.0;0.0;0.0;0.0;0.0;0.0;0.0;0.0;0.0;0.0;0.2011;75906800.0;79249900000.0;0.0;0.1424
TRPL3;30.88;6.83;1.37;3.504;0.0643;0.678;7.21;5.06;-1.91;6.7;6.66;0.6932;0.5178;3.29;0.1401;0.2;45383.2;14896500000.0;0.52;0.1835
PFRM3;3.48;6.83;0.39;0.065;0.0777;0.096;0.53;1.75;19.41;4.09;2.66;0.037;0.0097;1.36;0.0906;0.0574;450473.0;1097730000.0;0.66;0.1317
ITUB3;19.53;6.88;1.32;0.0;0.0291;0.0;0.0;0.0;0.0;0.0;0.0;0.0;0.0;0.0;0.0;0.1923;11696800.0;144690000000.0;0.0;-0.1356
EZTC3;14.45;6.91;0.73;3.041;0.0407;0.63;1.72;12.01;1.96;9.03;8.83;0.2533;0.463;6.17;0.0637;0.1053;31790000.0;4387210000.0;0.01;0.0866
RSUL4;64.99;6.93;4.11;1.107;0.0306;1.267;6.62;4.55;-5.95;4.46;4.16;0.2434;0.1598;1.67;0.3254;0.5933;162743.0;92176000.0;0.14;0.268
CMIG3;15.16;6.98;1.61;0.971;0.0663;0.654;11.58;5.41;-1.87;6.62;5.62;0.1795;0.1392;1.3;0.1329;0.2315;16716600.0;20667000000.0;0.48;0.1086
BMGB4;2.46;7.03;0.37;0.0;0.1283;0.0;0.0;0.0;0.0;0.0;0.0;0.0;0.0;0.0;0.0;0.0529;1667270.0;3861250000.0;0.0;-0.1512
EQMA3B;38.01;7.07;1.96;1.172;0.1404;0.815;9.18;4.75;-3.1;5.73;4.89;0.2466;0.1658;1.38;0.2046;0.2767;7652.98;3190590000.0;0.66;0.0964
GUAR3;6.78;7.08;0.66;0.439;0.0693;0.24;1.27;15.0;-8.34;23.29;6.67;0.0293;0.062;1.45;0.0199;0.0926;11224500.0;5161840000.0;0.71;0.0069
VULC3;10.22;7.11;1.79;1.235;0.0342;1.218;3.05;8.98;3.64;9.51;7.47;0.1375;0.1737;2.59;0.1593;0.2513;4816180.0;1405300000.0;0.26;0.1002
SANB4;15.14;7.12;1.43;0.0;0.1053;0.0;0.0;0.0;0.0;0.0;0.0;0.0;0.0;0.0;0.0;0.2011;1706100.0;79249900000.0;0.0;0.1424
LVTC3;6.83;7.25;0.7;0.408;0.0;0.336;1.78;1.67;25.04;1.6;1.03;0.2448;0.0563;1.55;0.2234;0.0966;3368680.0;630313000.0;0.0;0.0
CPFE3;30.88;7.26;2.19;0.885;0.1762;0.532;10.25;4.46;-1.1;6.77;5.7;0.1984;0.1257;1.27;0.134;0.3019;138031000.0;16244700000.0;1.38;0.0891
PEAB4;88.13;7.26;1.67;35.825;0.148;1.439;3.72;-64.16;4.97;-48.6;-59.01;-0.5584;4.9435;10.78;-0.0362;0.2298;6968.37;679035000.0;0.03;-0.4614
CCRO3;12.53;7.32;2.2;1.507;0.0131;0.537;5.55;3.07;-0.97;5.61;4.15;0.4902;0.2024;1.97;0.2047;0.3014;111476000.0;11478900000.0;2.39;0.1105
CEBR3;15.0;7.34;1.25;3.059;1.0083;0.733;1.92;8.78;1.98;2.84;2.62;0.3483;0.5563;2.61;0.1702;0.1697;37975.5;868046000.0;0.0;-0.4085
TPIS3;1.12;7.35;0.23;0.199;0.0167;0.066;-0.49;16.12;-0.1;149.9;5.45;0.0124;0.0292;0.26;0.0043;0.0308;732541.0;872299000.0;1.93;-0.0875
BPAC5;4.85;7.38;1.42;0.0;0.0264;0.0;0.0;0.0;0.0;0.0;0.0;0.0;0.0;0.0;0.0;0.1925;36921.8;39299500000.0;0.0;0.6569
CAML3;9.84;7.41;1.23;0.393;0.0377;0.447;1.24;6.72;-15.9;10.13;7.63;0.0585;0.0531;2.46;0.1014;0.166;13340100.0;2878800000.0;1.19;0.1938
SOND6;43.0;7.49;1.63;1.106;0.1543;1.145;3.15;5.91;4.05;4.18;3.81;0.1873;0.1476;2.69;0.293;0.2169;495.35;65022000.0;0.0;0.1694
COCE5;49.45;7.51;1.07;0.447;0.0341;0.328;-6.66;2.96;-0.84;5.9;4.68;0.1513;0.0596;0.86;0.1259;0.1431;637088.0;3583410000.0;1.13;0.1461
JOPA3;21.6;7.51;0.42;0.111;0.0383;0.103;0.27;2.29;2.42;7.26;6.2;0.0482;0.0183;2.11;0.0692;0.0554;4897.74;548874000.0;2.04;0.1854
REDE3;5.8;7.52;2.92;0.753;0.09;0.493;5.21;3.33;-1.05;5.57;4.74;0.2262;0.1338;1.47;0.1677;0.389;13292.4;4186380000.0;2.39;0.1319
SHUL4;4.3;7.55;1.63;0.864;0.0184;0.709;1.66;7.21;9.08;9.21;7.33;0.1198;0.1145;2.97;0.1326;0.2164;1287130.0;940228000.0;0.9;0.2116
CGAS3;119.24;7.56;18.06;1.216;0.1363;1.224;9.41;5.89;-2.5;8.1;6.94;0.2064;0.1608;1.42;0.2678;2.3881;6175.7;874785000.0;8.46;0.1867
WLMM4;20.69;7.6;1.35;0.462;0.0465;1.089;2.78;7.05;3.59;5.68;5.47;0.0656;0.0608;4.69;0.2054;0.178;48117.7;556826000.0;0.02;0.3047
BRIV3;6.19;7.66;0.34;0.0;0.0023;0.0;0.0;0.0;0.0;0.0;0.0;0.0;0.0;0.0;0.0;0.0447;3332.14;1604230000.0;0.0;0.3546
SOND5;44.0;7.67;1.66;1.132;0.1508;1.171;3.22;6.04;4.15;4.32;3.93;0.1873;0.1476;2.69;0.293;0.2169;1102.58;65022000.0;0.0;0.1694
CTSA3;1.45;7.72;0.54;0.268;0.0374;0.25;10.15;6.06;-1.57;12.41;8.69;0.0443;0.0347;1.07;0.0468;0.0693;43905.5;301441000.0;0.6;0.0817
WHRL3;4.67;7.75;3.48;0.615;0.0843;0.83;41.22;8.2;-19.99;8.0;6.53;0.075;0.0795;1.03;0.2346;0.4488;36348.4;2017060000.0;0.58;0.0966
GETT3;2.14;7.79;1.17;1.301;0.0;0.071;2.66;5.65;2.83;7.75;5.07;0.2302;0.167;1.03;0.0127;0.1503;330435.0;3413160000.0;0.67;0.0
WIZS3;7.89;7.79;3.6;1.564;0.0745;0.662;-25.09;3.7;-1.61;3.87;3.47;0.4228;0.2404;0.84;0.2012;0.4625;11171900.0;350024000.0;0.64;0.1217
GETT4;2.15;7.83;1.18;1.308;0.0;0.071;2.67;5.68;2.85;7.78;5.09;0.2302;0.167;1.03;0.0127;0.1503;343283.0;3413160000.0;0.67;0.0
BALM4;10.5;7.85;0.83;0.764;0.0239;0.459;1.09;13.38;1.81;10.73;7.41;0.0571;0.0678;2.56;0.0443;0.1056;2441.14;124110000.0;0.16;0.0713
PRIO3;21.99;7.87;2.89;3.683;0.0;1.509;3.29;6.84;29.17;6.62;5.01;0.5384;0.4682;7.52;0.3965;0.3671;469328000.0;6722950000.0;0.72;0.7183
WHRL4;4.77;7.92;3.55;0.628;0.0907;0.848;42.1;8.37;-20.42;8.18;6.67;0.075;0.0795;1.03;0.2346;0.4488;111656.0;2017060000.0;0.58;0.0966
CGAS5;125.5;7.96;19.01;1.28;0.1424;1.289;9.9;6.2;-2.63;8.41;7.21;0.2064;0.1608;1.42;0.2678;2.3881;147229.0;874785000.0;8.46;0.1867
ITUB4;22.67;7.99;1.54;0.0;0.0251;0.0;0.0;0.0;0.0;0.0;0.0;0.0;0.0;0.0;0.0;0.1923;844259000.0;144690000000.0;0.0;-0.1356
BBDC4;17.2;8.04;1.21;0.0;0.064;0.0;0.0;0.0;0.0;0.0;0.0;0.0;0.0;0.0;0.0;0.1509;726159000.0;151099000000.0;0.0;0.139
PSSA3;17.76;8.06;1.24;0.516;0.0525;0.27;5.21;0.64;-2.14;0.13;0.12;0.8112;0.064;1.09;0.5429;0.1532;29886400.0;9296640000.0;0.0;0.0594
BRIV4;6.57;8.13;0.36;0.0;0.0913;0.0;0.0;0.0;0.0;0.0;0.0;0.0;0.0;0.0;0.0;0.0447;11597.4;1604230000.0;0.0;0.3546
MELK3;3.58;8.23;0.63;0.915;0.112;0.373;0.69;8.04;0.77;4.25;4.05;0.1138;0.1301;2.67;0.0591;0.0769;627759.0;1177180000.0;0.02;0.3291
CARD3;12.49;8.27;1.47;1.0;0.0654;0.898;17.89;5.8;-9.19;6.07;3.63;0.1723;0.121;1.21;0.1931;0.1783;2055290.0;354167000.0;0.3;0.03
CEPE5;40.0;8.31;1.58;0.345;0.119;0.231;3.41;2.49;-0.42;7.42;5.71;0.1386;0.0415;1.29;0.1036;0.1898;25331.5;1891000000.0;3.41;0.1179
SBFG3;18.93;8.34;2.18;0.815;0.0062;0.653;3.03;8.0;-3.02;11.28;7.16;0.102;0.0977;1.8;0.0976;0.2609;27669500.0;2114670000.0;1.07;0.4952
VBBR3;16.71;8.36;1.55;0.137;0.0348;0.528;1.92;4.83;-3.67;7.21;6.33;0.0283;0.0164;2.15;0.1409;0.1852;210043000.0;12582000000.0;1.1;0.09
PATI3;69.47;8.4;1.98;0.613;0.0419;0.802;1.48;7.15;2.94;7.63;7.32;0.0857;0.073;2.66;0.2177;0.2352;853.47;841030000.0;0.87;0.3199
SIMH3;9.28;8.46;2.63;0.491;0.0665;0.164;0.58;2.11;-0.36;7.02;5.27;0.2325;0.0939;2.79;0.1246;0.3112;31951400.0;2955180000.0;11.09;0.5695
TGMA3;13.71;8.49;1.29;0.892;0.0682;0.88;3.05;8.18;5.48;7.96;6.64;0.1091;0.1049;2.51;0.142;0.1523;2857450.0;699442000.0;0.27;-0.0495
BRSR5;17.35;8.51;0.79;0.0;0.0687;0.0;0.0;0.0;0.0;0.0;0.0;0.0;0.0;0.0;0.0;0.0927;1132.16;8991120000.0;0.0;0.0535
VVEO3;13.72;8.57;1.79;0.592;0.0;0.576;1.61;8.17;-27.62;8.86;7.12;0.0724;0.0691;2.2;0.1203;0.2087;2857410.0;2194880000.0;0.95;0.0
SMTO3;36.33;8.68;2.42;2.248;0.0733;0.741;3.81;6.54;-1.98;9.55;5.23;0.3438;0.2589;2.55;0.1408;0.2784;81729100.0;5318430000.0;1.67;0.1351
CEPE6;41.88;8.7;1.65;0.362;0.125;0.242;3.57;2.61;-0.44;7.54;5.8;0.1386;0.0415;1.29;0.1036;0.1898;25766.8;1891000000.0;3.41;0.1179
EQPA3;4.86;8.83;2.92;1.27;0.0905;0.89;5.67;5.04;-2.82;6.19;5.25;0.2521;0.1439;1.71;0.223;0.3308;64647.2;3676940000.0;1.14;0.1057
OFSA3;20.0;8.96;1.65;1.15;0.0269;0.896;2.26;7.38;7.16;9.08;7.59;0.1557;0.1284;3.13;0.1485;0.1844;300018.0;653126000.0;0.61;0.1577
CSMG3;11.52;9.03;0.64;0.736;0.0572;0.356;8.42;4.63;-1.33;7.72;4.27;0.1591;0.0816;1.32;0.0841;0.0704;17756000.0;6893610000.0;0.54;0.0747
LPSB3;2.63;9.1;2.06;1.793;0.0287;0.928;7.19;10.12;-4.15;7.72;5.53;0.1772;0.2602;1.63;0.1201;0.2267;1619160.0;188118000.0;0.0;0.2109
TTEN3;8.0;9.1;1.72;0.679;0.0;0.791;2.15;12.39;3.54;12.3;11.24;0.0548;0.0746;1.93;0.1316;0.1893;7329020.0;2303450000.0;0.56;0.0
WLMM3;25.0;9.19;1.63;0.559;0.035;1.316;3.36;8.51;4.33;7.14;6.89;0.0656;0.0608;4.69;0.2054;0.178;698.84;556826000.0;0.02;0.3047
BRBI11;13.13;9.33;1.82;2.103;0.0;0.332;1.75;10.98;1.91;4.42;4.36;0.1915;0.2254;1.24;2.3201;0.1947;1630180.0;758689000.0;4.31;0.0
GMAT3;3.38;9.33;1.13;0.437;0.0;0.714;1.64;7.48;2.82;8.96;7.0;0.0584;0.0475;3.44;0.1164;0.1212;22910300.0;6599900000.0;0.32;0.2801
ENGI3;13.19;9.56;2.68;0.86;0.0432;0.448;11.78;4.26;-0.81;7.61;6.22;0.2017;0.0997;1.17;0.1205;0.2809;89450.5;8915060000.0;2.65;0.1688
DIRR3;10.31;9.68;1.16;0.845;0.0;0.266;0.64;4.6;-1.2;5.39;4.65;0.1837;0.1195;4.88;0.0721;0.1203;17059600.0;1328210000.0;1.0;0.2218
PORT3;7.8;9.69;1.54;1.287;0.0571;0.646;23.63;5.01;-1.54;8.09;5.46;0.2567;0.1377;1.2;0.1407;0.1592;6409910.0;2225030000.0;1.1;0.0
BSLI4;15.04;9.73;2.27;0.0;0.0912;0.0;0.0;0.0;0.0;0.0;0.0;0.0;0.0;0.0;0.0;0.2335;4056.95;2403030000.0;0.0;-0.0144
QUAL3;11.15;9.73;2.36;1.526;0.0285;0.72;-2.42;4.18;-1.72;5.95;3.99;0.3652;0.1621;0.48;0.222;0.2423;39040600.0;1343080000.0;1.51;0.0092
EMAE4;34.3;9.85;1.66;2.341;0.0416;0.75;3.05;30.88;-3.37;22.96;20.12;0.0758;0.2378;4.08;0.0303;0.1686;276940.0;763516000.0;0.0;0.2308
PRNR3;5.2;9.92;0.86;0.418;0.018;0.493;2.36;6.6;5.45;6.93;4.04;0.0633;0.0429;1.68;0.094;0.087;864015.0;234498000.0;0.33;0.0995
SOJA3;10.51;9.96;1.91;1.114;0.0038;1.239;2.97;9.79;3.47;9.65;9.5;0.1137;0.1119;2.44;0.1637;0.1915;3738960.0;645837000.0;0.2;0.8401
MODL4;2.37;9.96;1.31;0.0;0.0438;0.0;0.0;0.0;0.0;0.0;0.0;0.0;0.0;0.0;0.0;0.1311;62090.8;1277980000.0;0.0;0.0
TIMS3;12.76;10.01;1.22;1.675;0.0376;0.63;6.35;9.14;-3.06;7.74;2.89;0.1832;0.1673;1.56;0.0891;0.1218;86146800.0;25338000000.0;0.13;0.0296
MTRE3;4.14;10.03;0.44;0.698;0.0688;0.272;0.48;7.42;0.65;6.24;5.69;0.094;0.0753;3.37;0.0428;0.0443;1819250.0;985883000.0;0.14;0.4158
BPAN4;6.11;10.24;1.04;0.0;0.0372;0.0;0.0;0.0;0.0;0.0;0.0;0.0;0.0;0.0;0.0;0.1016;41177500.0;7671690000.0;0.0;0.1527
CXSE3;6.93;10.28;1.87;0.0;0.078;1.851;14.99;-266.13;15.0;-253.7;-253.84;0.0;0.0;13.42;-0.0076;0.1818;18669700.0;11120100000.0;0.0;0.0
MODL11;7.35;10.3;1.35;0.0;0.0423;0.0;0.0;0.0;0.0;0.0;0.0;0.0;0.0;0.0;0.0;0.1311;4992330.0;1277980000.0;0.0;0.0
SBSP3;42.17;10.35;1.11;1.464;0.0224;0.533;16.14;6.97;-1.36;10.4;6.69;0.2102;0.1415;1.34;0.082;0.1075;163827000.0;25907400000.0;0.68;0.0728
MILS3;5.85;10.59;1.27;1.759;0.053;0.808;2.23;6.9;7.77;6.68;3.91;0.2548;0.1658;4.4;0.1726;0.1204;7185820.0;1129700000.0;0.43;0.2932
GRND3;7.03;10.62;1.54;2.714;0.0626;1.378;2.59;18.56;2.67;15.18;12.08;0.1462;0.2556;7.0;0.1062;0.1448;14639100.0;4124610000.0;0.04;-0.0034
BTTL3;20.19;10.68;7.92;0.546;0.0;1.535;19.75;9.55;-5.67;9.95;7.79;0.0571;0.0511;1.17;0.2256;0.7412;395854.0;37891000.0;1.12;0.3972
BALM3;14.42;10.79;1.14;1.049;0.0174;0.63;1.5;18.37;2.48;15.72;10.86;0.0571;0.0678;2.56;0.0443;0.1056;234.91;124110000.0;0.16;0.0713
TUPY3;22.23;10.87;1.2;0.406;0.0194;0.461;1.35;4.73;275.64;6.79;4.38;0.0858;0.0369;2.24;0.1379;0.1106;21207200.0;2666340000.0;0.88;0.1431
MODL3;2.6;10.93;1.43;0.0;0.0399;0.0;0.0;0.0;0.0;0.0;0.0;0.0;0.0;0.0;0.0;0.1311;23958.9;1277980000.0;0.0;0.0
CIEL3;3.75;11.15;1.0;1.976;0.0434;0.102;2.46;11.77;-6.76;8.34;5.28;0.1678;0.1772;1.05;0.0864;0.0898;93413600.0;10170400000.0;0.38;-0.215
BPAC11;22.31;11.31;2.18;0.0;0.0172;0.0;0.0;0.0;0.0;0.0;0.0;0.0;0.0;0.0;0.0;0.1925;262802000.0;39299500000.0;0.0;0.6569
MOAR3;464.99;11.43;6.15;9369.4;0.0992;2.648;9.69;-163.21;-14.75;-166.53;-170.62;-57.4062;819.796;3.34;-0.0261;0.5379;440026.0;926690000.0;1.0;0.0704
PARD3;19.99;11.52;2.84;1.277;0.0206;1.102;35.12;6.53;-4.09;6.74;5.12;0.1956;0.1111;1.1;0.2116;0.2466;5292830.0;921634000.0;0.36;0.157
UGPA3;12.31;11.73;1.3;0.117;0.0636;0.365;1.43;8.88;-3.82;17.89;11.65;0.0132;0.0103;1.71;0.0531;0.111;101316000.0;10542200000.0;1.63;0.0657
VITT3;9.21;11.89;2.66;1.615;0.0247;1.498;4.48;8.5;5.54;10.07;9.37;0.1899;0.1356;1.91;0.1846;0.2236;2634910.0;495549000.0;0.52;0.4077
LCAM3;23.71;12.12;2.38;1.806;0.0197;0.64;20.09;5.96;-1.24;10.05;7.73;0.303;0.149;1.18;0.1382;0.196;104026000.0;5076600000.0;2.06;0.4601
ASAI3;14.27;12.14;6.44;0.438;0.0121;0.592;21.48;5.76;-1.12;7.74;6.32;0.076;0.0361;1.08;0.1567;0.5308;120033000.0;2984000000.0;3.69;0.3482
EQPA5;6.7;12.17;4.03;1.75;0.0657;1.227;7.82;6.94;-3.88;8.1;6.87;0.2521;0.1439;1.71;0.223;0.3308;389.91;3676940000.0;1.14;0.1057
JOPA4;35.09;12.21;0.68;0.18;0.0259;0.167;0.45;3.72;3.93;8.7;7.42;0.0482;0.0183;2.11;0.0692;0.0554;81.6;548874000.0;2.04;0.1854
ODPV3;9.35;12.27;4.37;2.883;0.0299;2.641;-200.16;8.25;-26.56;7.73;7.11;0.3494;0.235;0.96;0.39;0.3565;13445400.0;1214980000.0;0.0;0.0536
BMKS3;260.0;12.39;0.6;6.833;0.0688;0.528;0.72;-45.55;0.82;11.93;28.0;-0.15;0.5515;26.84;-0.0363;0.0482;16796.1;197873000.0;0.01;0.0882
CPLE5;22.0;12.46;2.68;2.449;0.0532;1.197;16.53;15.53;-3.88;17.56;13.55;0.1576;0.2002;1.44;0.0876;0.2147;1322.51;22501400000.0;0.53;0.1439
BBSE3;25.96;12.55;6.15;0.0;0.0557;4.282;0.0;10.12;0.0;0.0;0.0;0.0;0.0;0.0;0.0;0.4897;117877000.0;8445020000.0;0.0;0.0
RECV3;25.64;12.68;3.6;5.007;0.0054;1.486;-27.87;13.6;-4.21;13.44;9.14;0.3681;0.3949;0.81;0.1306;0.2837;42514500.0;2085380000.0;0.28;0.0
AESB3;10.66;12.75;1.61;1.993;0.0046;0.414;2.81;16.18;-0.99;29.25;11.24;0.1232;0.1883;2.91;0.0317;0.126;15996000.0;3263940000.0;1.98;0.0
FIQE3;3.37;12.88;1.25;2.337;0.0;0.753;2.55;8.46;10.18;6.06;3.4;0.2762;0.1815;2.65;0.1572;0.0974;2362690.0;972414000.0;0.3;0.0
BSLI3;20.0;12.94;3.02;0.0;0.0624;0.0;0.0;0.0;0.0;0.0;0.0;0.0;0.0;0.0;0.0;0.2335;2472.93;2403030000.0;0.0;-0.0144
VIVT3;47.06;13.04;1.13;1.772;0.0702;0.677;-1596.19;15.59;-3.2;17.39;5.1;0.1137;0.1356;1.0;0.0496;0.0864;95616100.0;70102900000.0;0.22;0.004
MRSA3B;28.06;13.17;1.93;2.091;0.0;0.74;45.69;7.88;-1.63;10.17;5.35;0.2653;0.1588;1.11;0.1069;0.1464;219.42;4947960000.0;0.81;0.058
MRSA5B;28.06;13.17;1.93;2.091;0.0183;0.74;45.69;7.88;-1.63;10.17;5.35;0.2653;0.1588;1.11;0.1069;0.1464;200.28;4947960000.0;0.81;0.058
MRSA6B;28.06;13.17;1.93;2.091;0.0183;0.74;45.69;7.88;-1.63;10.17;5.35;0.2653;0.1588;1.11;0.1069;0.1464;747.4;4947960000.0;0.81;0.058
BMOB3;11.97;13.2;1.07;1.352;0.0169;0.773;1.89;12.26;2.12;6.32;4.24;0.1103;0.1024;2.77;0.1175;0.0808;7031270.0;1021170000.0;0.0;3.1003
ECOR3;5.7;13.23;1.86;0.829;0.0;0.237;15.05;2.78;-0.33;8.52;5.8;0.2987;0.0608;1.12;0.0992;0.1404;34397200.0;2136220000.0;4.82;0.1044
PGMN3;4.35;13.43;0.91;0.25;0.0;0.298;1.64;5.45;-1.92;7.13;3.88;0.0458;0.0186;1.54;0.0748;0.0681;5882970.0;2111930000.0;0.51;0.0697
CRFB3;16.67;13.53;2.01;0.436;0.0329;0.599;5.92;8.73;-3.84;10.72;8.17;0.0499;0.035;1.24;0.0924;0.1486;69989200.0;17440000000.0;0.67;0.1266
MERC4;8.8;13.97;0.62;0.0;0.0544;0.0;0.0;0.0;0.0;0.0;0.0;0.0;0.0;0.0;0.0;0.0442;1032.72;256540000.0;0.0;-0.3644
AGXY3;7.6;14.65;0.93;0.152;0.0;0.145;3.59;4.83;-8.2;8.65;6.3;0.0315;0.0107;1.05;0.0782;0.0632;640912.0;1401550000.0;1.14;1.4034
B3SA3;10.96;14.65;3.07;6.569;0.0527;1.317;8.43;11.12;-7.32;10.27;8.72;0.5909;0.4483;1.67;0.1878;0.2092;443479000.0;21807200000.0;0.62;0.2759
BOAS3;5.35;14.69;1.37;3.584;0.0148;1.111;2.24;14.08;2.82;7.9;4.28;0.2546;0.244;6.82;0.1682;0.093;8702130.0;2082460000.0;0.03;0.0864
ALSO3;16.01;14.73;0.62;4.221;0.024;0.365;2.52;8.35;-2.92;4.78;3.46;0.5057;0.3347;3.64;0.0518;0.0423;38034700.0;6826900000.0;0.0;0.3188
FRAS3;9.8;14.78;2.48;1.0;0.0236;0.889;3.2;8.3;-7.73;10.33;7.63;0.1205;0.0673;2.13;0.1346;0.1681;3487210.0;1065070000.0;0.9;0.3013
BMIN4;13.9;14.87;0.51;0.0;0.1007;0.0;0.0;0.0;0.0;0.0;0.0;0.0;0.0;0.0;0.0;0.0343;1808.63;131334000.0;0.0;0.0407
BLAU3;25.06;14.96;2.7;3.321;0.0237;1.957;3.36;10.02;4.47;8.92;8.52;0.3316;0.2208;5.42;0.3229;0.1807;9496010.0;1663300000.0;0.2;0.1918
ELET3;46.2;15.03;1.29;2.63;0.0114;0.537;5.89;22.17;-1.48;27.37;18.3;0.1186;0.1768;1.71;0.0274;0.0857;771590000.0;78816100000.0;0.54;0.0347
RAIZ4;4.59;15.09;2.19;0.248;0.0;0.474;7.17;8.32;-1.53;12.6;5.96;0.0299;0.017;1.16;0.0782;0.1455;77722500.0;21648400000.0;1.51;0.3765
FLRY3;16.3;15.16;2.97;1.274;0.0576;0.864;12.53;7.79;-1.96;11.31;7.0;0.1635;0.0845;1.35;0.1283;0.196;34746900.0;1743720000.0;1.63;0.1237
ELET6;46.7;15.19;1.3;2.658;0.0235;0.543;5.95;22.41;-1.5;27.61;18.46;0.1186;0.1768;1.71;0.0274;0.0857;223542000.0;78816100000.0;0.54;0.0347
VIVA3;21.98;15.25;3.61;3.273;0.015;2.051;5.88;15.24;12.91;14.92;12.02;0.2148;0.2147;2.44;0.1733;0.2369;23588500.0;1437250000.0;0.2;0.4977
ENMT3;82.99;15.32;6.03;2.368;0.048;1.587;25.78;9.38;-3.46;11.51;10.26;0.2525;0.1545;1.28;0.1853;0.3933;179154.0;3014690000.0;1.53;0.1587
ENMT4;82.99;15.32;6.03;2.368;0.048;1.587;25.78;9.38;-3.46;11.51;10.26;0.2525;0.1545;1.28;0.1853;0.3933;134390.0;3014690000.0;1.53;0.1587
ABEV3;13.4;15.68;2.67;2.827;0.045;1.657;162.27;13.82;-16.59;13.09;9.77;0.2045;0.1864;1.04;0.1654;0.1705;294286000.0;78923100000.0;0.04;0.1128
TFCO4;8.9;15.81;4.94;2.941;0.0826;2.935;5.6;13.38;8.23;13.47;13.03;0.2198;0.186;3.2;0.2921;0.3124;3783820.0;287781000.0;0.29;0.7583
CSED3;2.91;15.85;0.76;0.593;0.045;0.227;1.67;3.66;-0.52;3.85;2.3;0.162;0.0374;2.05;0.0807;0.0481;1388640.0;1457280000.0;0.77;0.0378
AMBP3;22.33;15.85;2.44;1.042;0.0136;0.425;1.99;6.43;-1.03;12.21;7.61;0.162;0.0767;2.26;0.0901;0.154;32341200.0;1033160000.0;3.63;1.9465
VLID3;9.33;16.53;0.67;0.336;0.031;0.26;1.76;3.24;-1.81;6.65;4.02;0.1037;0.0193;1.48;0.1017;0.0407;3216420.0;1144670000.0;1.09;0.0848
MDIA3;26.1;16.77;1.4;1.077;0.0746;0.887;3.48;17.82;27.17;19.45;12.16;0.0605;0.0643;2.77;0.0591;0.0836;34417200.0;6313140000.0;0.26;0.1027
STBP3;6.52;16.79;2.5;3.389;0.0459;1.184;7.2;12.98;-4.73;11.35;7.82;0.261;0.2019;2.47;0.121;0.149;30508200.0;2248940000.0;0.16;0.1615
GGPS3;10.55;16.96;3.09;0.981;0.0177;1.045;3.53;11.51;-7.98;12.11;9.82;0.0852;0.0579;2.26;0.121;0.1824;17334600.0;2284100000.0;0.86;0.0
HYPE3;38.04;17.56;2.44;3.849;0.0324;1.183;9.46;11.84;-5.47;15.09;14.12;0.325;0.2192;1.72;0.1107;0.1387;158471000.0;9892280000.0;0.83;0.1526
BEEF3;13.27;17.75;16.59;0.284;0.0496;0.457;1.66;3.76;-1.39;6.8;5.82;0.0754;0.016;1.75;0.2331;0.9345;94552000.0;485754000.0;24.27;0.1896
LOGN3;30.34;18.04;5.94;2.17;0.0;1.135;6.76;12.47;-2.49;15.86;10.68;0.1741;0.1203;1.91;0.1192;0.3292;8523360.0;543864000.0;2.65;0.1185
PNVL3;9.59;18.08;1.35;0.427;0.0182;0.581;2.54;19.59;67.66;28.11;8.58;0.0218;0.0236;1.65;0.0391;0.0747;6960140.0;1066970000.0;0.68;0.0967
BPAC3;12.04;18.32;3.53;0.0;0.0106;0.0;0.0;0.0;0.0;0.0;0.0;0.0;0.0;0.0;0.0;0.1925;60790.3;39299500000.0;0.0;0.6569
ARZZ3;69.55;18.47;3.06;2.34;0.0144;1.898;9.09;19.94;13.09;18.82;14.5;0.1174;0.126;1.66;0.1406;0.1656;78718600.0;2497590000.0;0.11;0.1958
RENT3;52.41;19.12;4.95;3.675;0.0126;1.487;10.82;11.49;-3.67;13.84;11.91;0.3199;0.1922;1.87;0.1767;0.2587;394447000.0;8036630000.0;1.73;0.1271
RPAD6;4.5;19.42;0.37;0.0;0.0;0.365;6.21;-96.23;6.22;-80.05;-80.05;0.0;0.0;19.84;-0.004;0.0189;411.58;1039900000.0;0.0;-0.5335
EGIE3;41.3;20.06;4.03;2.728;0.0605;0.851;14.93;5.91;-1.45;8.71;7.35;0.4618;0.1361;1.39;0.1658;0.2009;67130800.0;8359300000.0;2.46;0.1493
ALPA3;17.4;20.12;2.2;2.99;0.0193;1.337;7.99;17.78;9.6;15.36;12.84;0.1682;0.1477;1.47;0.1008;0.1093;91562.9;5405790000.0;0.02;-0.0033
ENEV3;14.77;20.25;2.49;4.742;0.0;1.088;22.42;17.26;-2.64;23.53;16.43;0.2746;0.2343;1.47;0.0687;0.123;135832000.0;9391460000.0;1.02;0.1219
JPSA3;29.02;20.27;1.93;4.667;0.0029;0.468;2.34;12.96;-1.68;20.35;12.83;0.3602;0.4631;5.31;0.0456;0.0951;7666510.0;1762140000.0;1.94;0.0101
IGTI3;2.31;21.13;1.25;4.658;0.0129;0.59;2.44;11.03;-2.69;14.89;10.6;0.4223;0.3173;4.63;0.0725;0.0593;506376.0;3407800000.0;0.99;0.0514
BMIN3;19.76;21.14;0.73;0.0;0.0;0.0;0.0;0.0;0.0;0.0;0.0;0.0;0.0;0.0;0.0;0.0343;185.28;131334000.0;0.0;0.0407
YDUQ3;13.07;21.15;1.23;0.897;0.0097;0.402;3.08;6.92;-1.04;13.47;6.12;0.1297;0.0424;1.84;0.0721;0.0582;37373800.0;3279590000.0;1.69;0.0629
BRGE3;6.44;21.3;0.38;111.073;0.0001;0.152;0.42;-0.81;1.03;1.68;1.69;-137.76;5.6379;2.67;-0.3543;0.0178;3337.95;1250990000.0;0.0;-0.3262
AMER3;13.43;21.37;0.79;0.459;0.0;0.278;1.39;10.25;-1.51;17.17;7.21;0.0448;0.0215;1.76;0.0389;0.0372;202174000.0;15327300000.0;0.92;0.3849
INTB3;24.71;21.65;4.1;2.486;0.0138;2.415;4.8;21.34;6.02;20.68;18.32;0.1165;0.1143;2.66;0.187;0.1893;38887300.0;1975710000.0;0.21;0.3658
SOMA3;9.2;22.05;1.01;2.089;0.0099;0.704;4.49;23.32;-111.1;26.21;17.07;0.0896;0.0948;2.14;0.0335;0.0457;61527600.0;7173290000.0;0.18;1.6523
ALPA4;19.14;22.13;2.42;3.289;0.0193;1.471;8.79;19.55;10.56;17.14;14.33;0.1682;0.1477;1.47;0.1008;0.1093;100867000.0;5405790000.0;0.02;-0.0033
MULT3;21.95;22.8;2.03;9.152;0.0224;1.227;25.75;15.52;-4.93;18.05;14.53;0.5898;0.4011;1.48;0.0872;0.0892;117698000.0;6481760000.0;0.47;0.0223
BRGE11;6.9;22.82;0.41;119.006;0.0545;0.163;0.45;-0.86;1.11;1.62;1.63;-137.76;5.6379;2.67;-0.3543;0.0178;111.7;1250990000.0;0.0;-0.3262
LREN3;22.62;23.01;2.33;1.929;0.0172;1.063;3.74;9.97;9.39;9.09;6.38;0.1934;0.0838;1.77;0.1605;0.101;287927000.0;9624740000.0;0.38;0.0672
LJQQ3;5.7;23.03;2.0;0.499;0.0215;0.417;1.38;6.75;-3.02;7.83;5.03;0.0739;0.0217;1.85;0.0756;0.0868;18667800.0;533741000.0;0.74;0.2277
IGTI11;17.99;23.51;1.39;5.182;0.0116;0.656;2.71;12.27;-2.99;16.13;11.48;0.4223;0.3173;4.63;0.0725;0.0593;57699900.0;3407800000.0;0.99;0.0514
DESK3;7.89;24.54;0.77;1.535;0.0;0.287;19.57;7.77;-0.79;11.82;6.39;0.1975;0.0769;1.06;0.0495;0.0315;5023460.0;891106000.0;0.99;0.0
VAMO3;11.71;25.37;4.16;3.522;0.0167;1.051;4.41;12.49;-2.96;15.86;12.06;0.2821;0.1388;2.55;0.1362;0.164;37336400.0;2749900000.0;2.22;0.623
PINE4;0.99;25.56;0.22;0.0;0.0;0.0;0.0;0.0;0.0;0.0;0.0;0.0;0.0;0.0;0.0;0.0087;215302.0;830409000.0;0.0;0.7425
LUXM4;81.98;25.98;4.16;3.075;0.0085;2.806;-412.76;16.23;-16.49;16.43;10.22;0.1895;0.1184;0.96;0.1903;0.1602;42269.8;102315000.0;0.15;0.03
BRGE6;8.5;28.11;0.5;146.602;0.0885;0.201;0.55;-1.06;1.37;1.42;1.43;-137.76;5.6379;2.67;-0.3543;0.0178;39.53;1250990000.0;0.0;-0.3262
RPAD3;6.72;29.0;0.55;0.0;0.0;0.545;9.27;-143.7;9.29;-127.53;-127.53;0.0;0.0;19.84;-0.004;0.0189;1451.56;1039900000.0;0.0;-0.5335
BRGE8;8.9;29.43;0.52;153.501;0.0352;0.21;0.58;-1.11;1.43;1.37;1.38;-137.76;5.6379;2.67;-0.3543;0.0178;400.35;1250990000.0;0.0;-0.3262
WEGE3;26.45;29.48;8.94;4.386;0.0171;4.593;15.59;24.44;22.02;24.39;21.84;0.1795;0.1514;1.77;0.2425;0.3032;267578000.0;12417600000.0;0.25;0.2575
LIPR3;66.01;30.28;3.45;0.0;0.0323;2.915;14.26;-132.89;18.42;-119.53;-119.49;0.0;0.0;2.88;-0.031;0.114;18415.9;225029000.0;0.0;0.0
CSAB4;49.04;30.63;2.09;60.688;0.0228;0.974;0.0;47.9;0.0;0.0;0.0;1.267;1.9812;0.0;0.0;0.0681;343.16;180414000.0;0.0;-0.0695
BRML3;7.52;30.75;0.57;5.08;0.0071;0.319;7.17;8.29;-0.99;11.63;10.82;0.6127;0.1914;1.85;0.0417;0.0187;122914000.0;10844300000.0;0.36;-0.0353
SULA11;22.1;31.06;1.15;0.455;0.0102;0.32;0.86;-18.86;-6.7;9.9;14.34;-0.0241;0.0146;2.24;-0.0427;0.0372;105755000.0;8150850000.0;0.41;0.0166
SULA3;7.37;31.07;1.16;0.456;0.0102;0.321;0.86;-18.87;-6.7;9.9;14.33;-0.0241;0.0146;2.24;-0.0427;0.0372;33825.4;8150850000.0;0.41;0.0166
SULA4;7.39;31.15;1.16;0.457;0.0101;0.321;0.86;-18.92;-6.72;9.84;14.25;-0.0241;0.0146;2.24;-0.0427;0.0372;66146.3;8150850000.0;0.41;0.0166
CSAB3;50.0;31.23;2.13;61.876;0.0204;0.993;0.0;48.84;0.0;0.0;0.0;1.267;1.9812;0.0;0.0;0.0681;476.74;180414000.0;0.0;-0.0695
EEEL4;410.0;32.55;1.82;3.755;0.3387;0.844;3.68;7.52;-7.44;7.06;6.88;0.4994;0.1041;2.19;0.1386;0.0559;7028.0;2177320000.0;0.26;0.0309
NTCO3;13.42;33.09;0.78;0.476;0.0098;0.355;39.99;10.37;-1.36;14.48;5.71;0.0459;0.0142;1.03;0.0423;0.0235;185136000.0;23821900000.0;0.5;0.0027
RPAD5;7.71;33.27;0.63;0.0;0.0731;0.626;10.64;-164.87;10.66;-148.7;-148.7;0.0;0.0;19.84;-0.004;0.0189;1445.7;1039900000.0;0.0;-0.5335
EEEL3;421.01;33.42;1.87;3.856;0.2999;0.866;3.78;7.72;-7.64;7.26;7.08;0.4994;0.1041;2.19;0.1386;0.0559;3637.23;2177320000.0;0.26;0.0309
NGRD3;1.8;35.17;0.94;1.704;0.0083;0.581;1.86;21.06;5.91;10.72;5.16;0.0809;0.0476;2.88;0.0469;0.0267;2682890.0;457808000.0;0.18;0.1448
GEPA3;21.71;36.38;1.04;1.494;0.0;0.516;-3.92;9.84;-1.35;14.47;7.47;0.1518;0.0411;0.48;0.065;0.0285;3265.98;1978410000.0;0.61;-0.0078
MERC3;24.1;38.27;1.69;0.0;0.0;0.0;0.0;0.0;0.0;0.0;0.0;0.0;0.0;0.0;0.0;0.0442;107.21;256540000.0;0.0;-0.3644
TOTS3;23.26;39.08;3.33;4.079;0.0092;1.424;6.5;12.4;-1349.63;11.36;9.19;0.3289;0.1075;1.67;0.166;0.0853;170140000.0;4308030000.0;0.42;0.1129
SQIA3;15.84;39.09;1.79;3.292;0.0042;0.962;-61.1;35.11;-2.8;38.69;17.58;0.0938;0.0787;0.88;0.0298;0.0458;20370200.0;777865000.0;0.32;0.3121
RDOR3;28.98;41.22;4.29;2.77;0.0439;1.129;4.15;15.47;-3.64;19.41;14.41;0.1791;0.0713;3.07;0.0951;0.104;144035000.0;13585300000.0;1.9;0.2443
BRIT3;1.76;41.66;0.59;1.011;0.0;0.278;4.14;8.62;-0.99;14.62;4.83;0.1174;0.0243;1.38;0.041;0.0141;1817690.0;1350050000.0;0.79;0.0
RDNI3;7.65;42.69;0.53;0.648;0.0075;0.171;0.87;18.22;-0.73;43.53;33.97;0.0355;0.0242;1.82;0.0099;0.0125;90208.5;626058000.0;0.82;0.2022
GEPA4;25.5;42.73;1.22;1.754;0.0;0.606;-4.6;11.56;-1.58;16.19;8.36;0.1518;0.0411;0.48;0.065;0.0285;12219.9;1978410000.0;0.61;-0.0078
RADL3;19.2;44.16;6.68;1.265;0.0107;2.041;12.21;24.64;-14.05;25.97;12.71;0.0513;0.0292;1.44;0.1122;0.1512;144456000.0;4751380000.0;0.46;0.165
AERI3;2.8;45.27;2.16;0.914;0.0074;0.691;1.74;13.02;-16.08;17.46;14.19;0.0702;0.0202;2.65;0.0856;0.0476;7906770.0;995260000.0;1.48;0.0
ARML3;12.14;53.56;3.7;7.869;0.0;1.309;3.23;24.24;-9.76;26.99;18.95;0.3246;0.1469;4.78;0.0991;0.069;6492290.0;1135230000.0;1.61;0.0
CBEE3;19.21;59.88;0.95;0.524;0.0043;0.275;-5.88;4.07;-0.59;8.1;5.58;0.1287;0.0088;0.84;0.074;0.0158;89.35;4881810000.0;0.99;0.1161
BAUH4;81.8;61.88;4.23;2.434;0.0;2.718;-37.96;916.65;-30.27;917.09;78.66;0.0027;0.0393;0.79;0.0039;0.0683;14218.2;101013000.0;0.05;0.015
DMVF3;4.01;62.34;0.24;0.167;0.0;0.141;3.86;2.45;-0.89;2.07;0.95;0.0682;0.0027;1.16;0.0704;0.0039;313746.0;830950000.0;0.05;0.2402
PETZ3;9.93;65.48;2.58;2.007;0.0028;1.334;7.47;21.08;-11.46;19.57;10.0;0.0952;0.0306;1.95;0.0824;0.0394;132378000.0;1768960000.0;0.1;0.4292
MGLU3;2.34;92.5;1.42;0.441;0.0064;0.468;1.81;65.04;-5.17;85.3;18.07;0.0068;0.0048;1.8;0.0095;0.0154;502592000.0;11118200000.0;0.62;0.315
EMBR3;11.44;191.4;0.68;0.398;0.0;0.181;0.64;5.15;-1.14;9.83;5.98;0.0772;0.0027;2.01;0.0472;0.0035;108949000.0;12545900000.0;1.34;0.0547
SEER3;6.28;197.36;0.56;0.546;0.0197;0.242;16.61;3.79;-0.63;5.66;2.98;0.1439;0.0028;1.09;0.0683;0.0028;3177400.0;1443670000.0;0.4;0.036
HAPV3;5.47;235.86;0.79;3.15;0.0035;0.538;86.37;179.48;-2.49;209.08;37.5;0.0176;0.0134;1.06;0.0032;0.0034;385044000.0;49145700000.0;0.22;0.3762
BIDI3;3.4;239.91;1.05;0.0;0.0075;0.0;0.0;0.0;0.0;0.0;0.0;0.0;0.0;0.0;0.0;0.0044;5872100.0;8428170000.0;0.0;0.3475
BIDI4;3.41;240.62;1.05;0.0;0.0074;0.0;0.0;0.0;0.0;0.0;0.0;0.0;0.0;0.0;0.0;0.0044;31302200.0;8428170000.0;0.0;0.3475
BIDI11;10.4;244.62;1.07;0.0;0.0073;0.0;0.0;0.0;0.0;0.0;0.0;0.0;0.0;0.0;0.0;0.0044;154214000.0;8428170000.0;0.0;0.3475
AURE3;13.62;325.74;1.06;4.233;0.0073;0.479;5.74;11.34;-1.34;12.72;8.56;0.3734;0.0838;1.77;0.0483;0.0033;38777200.0;12820300000.0;0.38;0.0
TRAD3;4.79;40881.5;2.28;13.151;0.0;2.172;4.93;-27.01;5.0;-21.72;-28.2;-0.4868;0.0003;12.08;-0.1462;0.0001;18647400.0;592852000.0;0.01;0.0
